id,y
1,84.5318450928
2,98.8448867798
3,83.5776824951
4,84.6864929199
5,119.003578186
8,94.6298675537
10,113.461929321
11,95.4016036987
12,117.121200562
14,94.8268051147
15,116.854034424
16,104.100967407
17,96.4839553833
19,95.198097229
20,104.357322693
21,97.3773193359
22,116.695648193
23,104.0883255
26,96.0680847168
28,95.3587112427
29,97.1877059937
33,96.4691009521
35,95.3906860352
41,95.6573486328
42,94.2606658936
43,116.608825684
45,103.684196472
46,104.210739136
51,94.1402206421
53,80.266204834
55,112.274925232
56,94.5712738037
57,104.155708313
58,95.0339660645
59,103.93838501
63,112.011131287
64,94.5898513794
65,104.266151428
69,94.6373291016
71,94.8966598511
72,104.020820618
73,94.2920837402
76,103.882049561
77,103.797279358
78,115.460861206
82,94.3201522827
83,104.266151428
84,94.502243042
85,103.656852722
87,112.260772705
88,94.4730148315
89,112.492881775
91,95.0350952148
93,94.5919189453
94,103.9998703
95,96.0881576538
96,111.752288818
97,93.6576690674
98,112.922485352
99,94.3903198242
101,104.018165588
103,112.492881775
104,94.1415176392
105,111.888824463
110,94.8805923462
111,112.3670578
113,112.778923035
114,93.5315475464
115,113.153678894
117,112.492881775
120,94.1767959595
121,112.076835632
122,93.3989944458
123,112.749427795
126,112.168579102
132,111.9426651
135,104.46598053
137,103.986495972
138,94.6385803223
140,94.5215072632
142,112.3698349
144,112.27355957
148,93.4855575562
149,113.893859863
155,94.2358398438
156,112.441764832
157,93.6913528442
162,111.945220947
163,94.4769821167
167,94.3469314575
172,115.694458008
179,113.018974304
180,93.591003418
181,111.988517761
182,94.9254226685
183,112.492881775
185,112.492881775
187,112.104484558
188,94.1094436646
189,94.0929489136
191,94.3171463013
192,111.912399292
193,94.6005401611
194,112.063453674
195,93.8120193481
196,112.252983093
198,94.3537063599
199,112.307365417
201,103.977813721
204,94.4224014282
205,104.161361694
206,94.4844284058
210,94.4958877563
211,104.018165588
216,112.446998596
219,115.586791992
220,93.8405761719
221,112.024978638
226,111.988517761
227,94.1322479248
228,112.314430237
230,112.24356842
231,93.5439987183
235,116.027816772
236,94.3683624268
238,112.278808594
242,104.227760315
243,94.8123626709
244,80.1837997437
245,111.713401794
247,115.629051208
248,93.9334793091
249,94.1193695068
250,111.675849915
251,94.3683624268
253,116.027816772
254,93.835975647
256,94.3875350952
257,93.193397522
258,112.25843811
259,94.3938674927
262,80.3552932739
266,94.1432723999
267,114.459609985
272,103.628562927
273,112.492881775
275,99.2410430908
276,112.844604492
279,94.5980072021
280,104.235092163
283,94.2510986328
285,112.447250366
288,112.492881775
289,94.7001419067
290,104.018447876
291,94.619392395
292,112.614143372
293,112.219192505
296,105.173866272
297,112.174682617
298,115.52407074
299,94.291519165
304,93.8578643799
305,91.4314956665
306,94.5606994629
307,112.07673645
311,108.463104248
313,112.07535553
314,94.0788116455
316,94.2813034058
324,95.3402328491
327,94.5817642212
329,93.9030761719
330,112.151924133
337,103.761016846
338,94.9989700317
339,104.25592804
340,94.7750549316
343,93.857963562
345,115.596084595
346,94.3544769287
347,114.26750946
349,111.860618591
350,93.7268600464
352,112.365013123
353,93.7625579834
354,79.0639877319
357,94.2239685059
358,112.706199646
362,114.72454834
364,117.622650146
365,108.245780945
366,94.4546127319
367,112.372673035
368,94.5964584351
370,79.6070251465
373,94.6668014526
377,94.186920166
378,112.361495972
382,104.09677887
384,112.390342712
390,94.183555603
392,112.154373169
393,112.312316895
395,94.635597229
396,104.74193573
399,79.3130569458
406,112.07535553
408,112.07535553
409,94.1734313965
410,79.8189086914
412,112.097549438
413,93.3130340576
419,94.1738128662
420,112.925559998
421,93.4089355469
430,101.451217651
434,94.16065979
436,94.5971832275
437,94.5675964355
438,93.4912261963
439,112.300254822
440,94.6012802124
443,112.608291626
446,94.5280838013
448,94.4955978394
452,94.5286178589
453,103.996307373
457,104.070648193
458,94.4412307739
459,113.459281921
460,104.219329834
462,104.496147156
464,104.229675293
465,115.660743713
467,117.139022827
471,111.896583557
472,78.938293457
473,94.3377075195
475,94.5385818481
480,94.7368621826
488,112.821304321
490,112.07673645
491,104.095298767
492,79.5333251953
493,94.2875366211
497,93.6169586182
498,112.432151794
499,94.3516311646
500,107.887519836
501,94.4412307739
502,114.140914917
506,80.1931533813
510,112.132720947
511,93.8867645264
512,93.8920288086
516,96.103187561
518,94.0174255371
519,114.510894775
521,93.7953643799
522,112.557548523
526,112.19543457
529,94.8016433716
532,112.011314392
533,94.6170883179
536,112.845428467
537,101.684654236
539,94.2939147949
540,104.212402344
541,94.3363571167
543,94.1776809692
546,112.382469177
547,94.4216384888
548,79.6299743652
551,94.2983932495
552,104.165496826
556,103.927055359
557,94.5343170166
558,112.372673035
559,94.7269058228
560,104.485710144
562,104.44241333
566,94.554977417
570,112.432151794
571,94.572883606
572,104.454338074
573,94.3201904297
575,115.660743713
576,111.771232605
577,93.7308883667
579,93.6416091919
580,112.075180054
581,112.053619385
589,112.07673645
591,103.72052002
593,94.6937789917
594,103.581939697
595,94.4705047607
598,94.2239685059
602,112.10496521
604,112.487876892
606,112.51865387
608,94.4060058594
609,104.23916626
610,94.1577682495
616,112.353294373
617,94.0995178223
618,104.113716125
620,104.267601013
622,112.461509705
623,93.5465393066
624,120.475227356
626,111.990104675
628,111.958862305
629,94.1953201294
630,112.280136108
637,94.6363983154
638,104.339706421
643,94.5629806519
645,94.7368621826
646,115.566131592
648,94.8036880493
652,94.529510498
653,94.5783004761
654,112.432151794
656,112.22480011
657,94.4383392334
659,94.4119338989
660,104.599411011
663,93.9459838867
664,112.571838379
666,103.841804504
668,111.691337585
669,94.3717880249
671,94.8380126953
675,93.8223571777
677,94.7168502808
678,111.854949951
679,104.210540771
682,94.4429779053
685,104.153579712
687,94.3637313843
688,94.3218536377
693,112.276435852
696,94.7318267822
698,94.1040649414
701,94.9957885742
704,104.375663757
705,115.624603271
709,112.631942749
710,93.9821929932
711,103.986877441
712,94.7423629761
714,111.899169922
715,94.2164382935
716,112.072532654
717,94.1499938965
720,115.613342285
721,94.3897018433
724,107.228401184
725,94.5985183716
726,112.470535278
728,112.711395264
731,94.3952636719
734,104.62172699
738,94.2561950684
745,112.174926758
746,94.0700073242
751,79.9424743652
754,94.1523666382
756,94.2551651001
758,94.3396072388
759,112.093727112
761,115.786132812
766,94.5487976074
767,111.948623657
768,93.5533599854
769,112.258926392
770,95.5592346191
771,79.5520477295
772,104.424369812
773,94.2976913452
774,112.4610672
776,112.407600403
777,94.6082763672
780,115.785675049
782,104.229179382
787,103.742683411
788,94.2939147949
792,93.5913009644
793,112.110031128
798,94.5396957397
800,93.7454071045
806,112.07673645
809,112.453353882
811,112.962005615
812,93.3727645874
814,115.674919128
816,104.222206116
817,94.6955337524
818,107.549728394
820,112.383491516
823,94.4412307739
829,93.5696105957
830,111.806137085
831,93.5131988525
834,112.17527771
839,94.5953140259
841,79.5460128784
844,104.249671936
845,94.1240081787
848,93.9225540161
850,95.512878418
851,104.161888123
852,95.9588546753
854,93.9406356812
855,94.6156692505
856,103.846847534
859,103.829475403
861,112.4610672
864,94.1105804443
865,112.38053894
866,94.4056015015
867,94.0631713867
869,94.5649185181
871,93.8263702393
872,112.07673645
882,103.993743896
883,94.16065979
885,94.7500915527
888,94.7298660278
893,112.091957092
901,111.865432739
903,104.192741394
904,94.2660751343
905,104.31438446
910,94.7289886475
911,112.052650452
914,112.748390198
918,112.628479004
921,93.4762573242
928,94.269317627
929,104.313529968
932,94.6878509521
933,104.325737
934,94.7289886475
935,112.481323242
937,79.7353820801
939,94.3247909546
940,103.674835205
941,94.7718353271
942,103.691963196
943,94.0824661255
944,104.284759521
947,112.07673645
949,112.519752502
951,112.412963867
952,94.7474060059
953,104.192741394
954,79.5014343262
957,112.400535583
959,93.5211105347
960,114.74256897
963,115.674919128
965,112.07673645
967,104.120040894
971,94.3881530762
972,79.0456390381
973,94.2640991211
974,112.423957825
975,95.6720275879
978,120.437942505
980,112.410758972
981,94.3168487549
984,112.828765869
986,94.7289886475
988,93.5533599854
989,112.258499146
990,103.836578369
992,111.865432739
996,94.5982437134
999,112.32131958
1000,94.4072036743
1001,112.319000244
1002,93.5450134277
1003,112.407600403
1004,93.5001754761
1008,112.03352356
1009,94.1863861084
1010,104.572288513
1012,115.34488678
1013,93.7619247437
1014,112.347068787
1015,94.0659103394
1016,115.756881714
1019,94.8588943481
1020,112.381195068
1021,94.7289886475
1022,104.247459412
1024,94.7289886475
1025,79.5160675049
1027,94.5539932251
1028,104.56893158
1029,94.980178833
1030,94.49659729
1033,112.436180115
1036,94.2968597412
1037,111.824569702
1038,94.0596618652
1042,94.3247909546
1043,103.917106628
1044,94.2493362427
1045,112.144454956
1047,113.534286499
1050,94.0491943359
1051,112.08719635
1054,94.4412307739
1056,94.3168487549
1057,94.160369873
1059,94.7446517944
1062,101.492225647
1063,104.319625854
1064,94.3168487549
1066,94.299659729
1070,104.051727295
1076,112.229270935
1077,102.588371277
1078,112.249320984
1080,112.26890564
1082,111.249282837
1083,94.5817642212
1089,111.667648315
1091,95.0059204102
1093,94.6790542603
1097,94.5732345581
1099,94.1235656738
1101,95.1906814575
1103,95.0578231812
1104,112.563804626
1106,112.771011353
1109,94.7716064453
1110,112.697868347
1111,94.5347213745
1112,112.823272705
1114,94.6316375732
1116,94.600440979
1117,112.906608582
1120,94.8809890747
1124,112.929512024
1125,94.185760498
1126,112.880592346
1134,112.638626099
1137,94.4011001587
1138,112.513313293
1144,112.463653564
1145,94.8292694092
1146,94.5823287964
1148,95.0488204956
1150,94.8774414062
1152,104.794181824
1153,95.1645126343
1154,104.321746826
1155,94.6163711548
1157,94.7731170654
1162,94.7266769409
1165,112.879852295
1166,94.3265686035
1167,104.654953003
1168,95.1906814575
1169,104.330322266
1171,116.597084045
1172,95.2312469482
1173,104.330322266
1174,95.0675888062
1176,95.2335128784
1177,104.543952942
1178,94.6606292725
1182,112.98336792
1186,95.2070541382
1187,113.113449097
1188,94.7753753662
1189,116.525283813
1191,104.938476562
1192,94.7358551025
1197,112.742683411
1198,93.9966125488
1200,79.6947631836
1201,94.9841003418
1203,94.9139175415
1209,116.38873291
1214,104.692260742
1218,112.43687439
1222,94.7957382202
1226,95.0662994385
1228,94.6325149536
1230,94.6313171387
1232,80.3025817871
1233,94.8469619751
1236,114.198989868
1238,95.614151001
1241,112.468536377
1244,105.171737671
1246,95.0623550415
1247,112.838134766
1250,112.979667664
1251,93.9863128662
1254,113.276145935
1255,94.6175842285
1256,112.312355042
1257,94.6086730957
1258,94.7220153809
1259,112.595542908
1260,95.1077194214
1263,112.606666565
1267,79.8343963623
1268,111.60710144
1271,94.6738586426
1272,112.614318848
1274,104.974128723
1275,94.7266769409
1276,112.609069824
1277,94.7727050781
1279,94.5823287964
1281,95.1810531616
1282,94.7753753662
1283,112.577957153
1285,112.790542603
1286,94.4043807983
1289,112.63961792
1296,112.676734924
1299,94.8121109009
1301,95.0684280396
1306,94.5772171021
1307,94.6014556885
1308,94.7233123779
1313,112.609069824
1314,95.1989135742
1315,112.697868347
1316,94.7789916992
1317,112.614318848
1319,94.4259719849
1323,95.2070541382
1324,105.025115967
1325,94.6829605103
1328,104.225723267
1329,94.4931640625
1330,112.98110199
1331,94.912612915
1332,104.636375427
1337,95.2014465332
1338,112.529571533
1339,94.2794494629
1340,112.898193359
1343,113.1304245
1347,104.837425232
1348,94.3385543823
1349,104.246299744
1352,94.5823287964
1354,96.9562530518
1359,112.970970154
1360,95.1906814575
1363,112.635559082
1364,95.0317153931
1365,104.501998901
1366,95.1142349243
1372,95.211227417
1375,104.351257324
1376,94.5927505493
1378,94.3817749023
1379,113.181999207
1380,95.1906814575
1381,104.382362366
1384,113.061096191
1387,94.8490447998
1388,112.142578125
1392,79.9973297119
1394,104.392356873
1395,95.1714706421
1396,112.625572205
1398,94.7777023315
1399,112.625572205
1400,95.0637893677
1401,94.5333251953
1403,94.9652023315
1404,111.217658997
1406,112.630455017
1407,94.5761795044
1408,112.665412903
1410,79.9879074097
1412,112.662719727
1413,95.0160522461
1415,95.0435714722
1420,112.665412903
1422,112.43687439
1423,111.030738831
1424,112.665412903
1425,95.272064209
1426,79.9879074097
1427,94.9139175415
1429,94.4279098511
1430,112.739402771
1431,95.5981063843
1432,104.328483582
1434,112.678382874
1437,94.6884536743
1438,104.789520264
1440,112.454910278
1441,112.505531311
1442,94.6910247803
1444,112.361412048
1445,95.2608718872
1446,104.750099182
1448,94.3890914917
1453,94.9236526489
1454,112.662719727
1455,94.7358551025
1456,111.484428406
1458,112.662719727
1459,94.5745925903
1461,94.8824920654
1465,94.8490447998
1466,111.947296143
1469,95.2070541382
1472,94.9236526489
1474,95.2090835571
1477,113.440132141
1479,112.112976074
1482,94.591293335
1483,79.6804656982
1487,95.179359436
1488,112.788505554
1490,112.940109253
1492,111.757530212
1494,116.267295837
1496,104.716583252
1497,95.3066329956
1499,95.3391799927
1502,96.0228652954
1507,111.546096802
1508,94.5823287964
1509,112.105583191
1511,94.6656494141
1512,112.964675903
1513,115.621627808
1514,108.513900757
1518,112.82624054
1519,93.8169708252
1522,112.316040039
1524,79.7005386353
1527,94.6910247803
1529,94.1933059692
1532,104.262565613
1536,112.674255371
1537,116.402313232
1539,105.255142212
1542,116.160896301
1543,94.5927505493
1544,104.949073792
1545,79.9577789307
1550,94.5915527344
1551,112.990638733
1554,104.430374146
1556,104.845855713
1559,94.604888916
1560,83.680519104
1562,96.2559280396
1566,93.9347991943
1567,112.885383606
1569,104.346153259
1570,112.828300476
1571,112.566253662
1574,94.5823287964
1578,104.820541382
1580,94.7880859375
1583,112.828369141
1584,94.5823287964
1585,112.955566406
1586,95.0414581299
1587,112.780281067
1588,93.8257369995
1590,114.5025177
1592,104.254737854
1596,114.258911133
1598,112.418785095
1599,94.610496521
1604,116.162910461
1606,104.30897522
1607,95.0160522461
1608,103.885658264
1609,116.546508789
1611,95.0845413208
1613,95.1660385132
1616,95.1820755005
1619,112.723503113
1620,93.7919464111
1621,112.914810181
1622,94.5670318604
1625,112.166862488
1627,116.546508789
1629,112.703910828
1634,95.1264419556
1636,94.6614532471
1638,104.272476196
1639,95.2479019165
1641,94.8696136475
1643,95.1706008911
1644,104.039352417
1645,116.535247803
1646,94.9078598022
1647,105.043891907
1648,94.6053009033
1652,94.7880859375
1653,112.861465454
1656,97.0180358887
1658,94.610496521
1659,112.78288269
1661,95.10546875
1663,95.026008606
1664,112.888916016
1665,94.6581420898
1666,104.845855713
1667,104.277496338
1668,80.2801208496
1669,103.875572205
1670,95.0827789307
1672,112.773216248
1674,112.397491455
1677,112.780731201
1678,94.2781143188
1679,112.40145874
1680,94.9674682617
1683,104.500999451
1686,104.481452942
1687,112.419761658
1689,112.893806458
1690,94.4375610352
1691,116.263618469
1692,112.988113403
1693,94.5823287964
1695,94.6217651367
1696,94.9236526489
1697,112.705780029
1700,104.845855713
1701,94.9804382324
1702,112.780281067
1703,94.0221710205
1704,113.333755493
1706,95.2296447754
1707,113.409095764
1708,94.5879364014
1710,94.6416244507
1711,104.393760681
1713,105.29120636
1717,104.367446899
1719,104.820541382
1720,94.520362854
1722,94.5230865479
1725,104.25177002
1726,94.591583252
1727,104.337524414
1729,112.662132263
1730,94.5982055664
1731,112.355453491
1733,104.845855713
1734,94.7371063232
1735,112.455375671
1738,95.1660385132
1742,94.7920913696
1745,112.397491455
1747,95.051322937
1749,94.9191055298
1751,94.5550460815
1752,79.6284103394
1753,103.567245483
1754,95.0667190552
1755,94.8902587891
1756,105.230995178
1758,113.029022217
1759,94.5684967041
1760,104.646987915
1761,112.653808594
1762,94.6190185547
1763,112.064727783
1764,91.551651001
1766,94.918296814
1768,94.6897659302
1769,79.956993103
1771,112.623008728
1772,95.0049285889
1773,104.337394714
1774,95.0964431763
1775,112.409751892
1777,112.977020264
1779,94.5684967041
1780,105.059265137
1787,93.9912567139
1788,94.1773834229
1790,94.5283584595
1796,112.55657959
1801,93.8698577881
1803,94.3679046631
1807,112.538742065
1809,113.453460693
1812,94.4878692627
1813,112.928482056
1814,94.867515564
1815,112.785705566
1816,94.6872177124
1818,93.91456604
1820,94.6932296753
1821,113.070991516
1822,95.0742645264
1825,94.4582519531
1826,104.44354248
1828,94.3841094971
1831,104.296768188
1836,111.884506226
1837,94.4482650757
1841,95.1006393433
1844,104.116706848
1848,94.8828125
1851,105.286766052
1852,94.9036941528
1853,94.0205535889
1854,112.661094666
1856,94.3827362061
1859,113.477676392
1860,94.5365524292
1861,79.6684036255
1863,104.75112915
1865,95.0597076416
1866,105.223648071
1867,95.0196685791
1868,94.0087585449
1872,94.7621154785
1879,94.6927566528
1880,104.5417099
1882,94.5871810913
1885,104.461532593
1887,104.423683167
1888,94.6759109497
1890,122.587493896
1894,95.0575485229
1895,104.188316345
1896,94.3619232178
1897,112.986434937
1900,112.416748047
1901,94.5739746094
1902,112.355072021
1905,94.6129989624
1906,112.043441772
1912,104.703567505
1915,94.3842315674
1916,104.092681885
1917,94.3299636841
1918,104.414749146
1920,80.2372207642
1923,94.7843322754
1924,104.401390076
1925,94.6208267212
1930,116.39717865
1932,112.641197205
1933,95.270111084
1934,112.879135132
1935,94.5613555908
1940,79.956993103
1941,94.2418823242
1942,114.687644958
1943,94.5823059082
1944,94.1635894775
1945,110.635643005
1948,116.309494019
1949,94.3877563477
1952,94.9217147827
1954,94.5514144897
1955,112.642272949
1958,94.7071304321
1959,80.0011444092
1960,112.082695007
1963,95.1103744507
1965,94.9428939819
1968,104.532226562
1969,94.9232635498
1971,95.0538482666
1972,112.554176331
1973,93.8027954102
1975,93.8843994141
1977,95.07396698
1978,94.7432937622
1979,112.715942383
1981,93.8951873779
1982,112.68649292
1987,112.233779907
1988,93.9038848877
1993,94.8128585815
1997,94.3242263794
1999,94.560256958
2001,95.0575485229
2002,113.259063721
2003,94.5853271484
2004,79.7112121582
2006,113.350120544
2007,94.7857284546
2009,104.900062561
2010,94.3893127441
2013,95.0778579712
2018,79.797744751
2022,104.666397095
2024,114.219192505
2025,95.0901489258
2026,104.926139832
2030,104.880455017
2031,94.899810791
2032,104.703567505
2033,94.5133285522
2035,94.6457061768
2036,113.46056366
2037,94.1212997437
2040,95.0261993408
2043,113.897445679
2044,105.091140747
2046,104.096611023
2054,113.371635437
2055,94.826713562
2056,105.065887451
2059,94.5000457764
2060,94.5739746094
2062,94.5875167847
2063,112.693481445
2066,95.0575485229
2067,112.461418152
2072,107.668205261
2073,112.594863892
2074,94.9011001587
2075,112.850669861
2076,94.3550949097
2080,94.7899246216
2082,94.5739746094
2085,112.596908569
2087,113.190605164
2091,111.961502075
2092,95.0358276367
2093,105.065887451
2098,95.0474624634
2101,112.091239929
2102,93.9754104614
2103,79.956993103
2105,105.224952698
2106,94.5608215332
2107,112.701210022
2110,94.8769302368
2114,94.8295211792
2115,114.704071045
2117,80.5496292114
2118,94.2968673706
2119,103.60848999
2120,94.4399185181
2122,94.8362884521
2123,112.547035217
2126,95.0926589966
2127,104.425544739
2128,94.5182113647
2129,112.748962402
2132,95.2972640991
2135,104.849555969
2138,95.0154037476
2139,116.39717865
2141,111.635826111
2142,94.5261611938
2146,95.0735092163
2151,112.684898376
2157,104.917098999
2159,113.102035522
2162,94.6473999023
2164,116.463844299
2167,93.8099975586
2168,112.010192871
2171,94.706199646
2173,95.1137542725
2174,104.997146606
2175,94.6005325317
2178,94.7499389648
2180,95.6602554321
2185,112.174232483
2189,94.3034896851
2190,112.575248718
2192,104.298675537
2194,113.12197876
2200,112.320114136
2201,94.8257980347
2203,112.170211792
2204,94.7850265503
2205,112.392852783
2209,111.723648071
2213,104.219116211
2214,94.5567321777
2215,112.996269226
2216,94.8332519531
2218,94.4302978516
2219,104.14414978
2220,95.1906814575
2222,96.2669677734
2223,112.743469238
2225,112.905769348
2226,94.9019393921
2230,94.8235549927
2233,112.414710999
2234,112.404693604
2235,94.7850265503
2236,79.9237594604
2237,94.9021072388
2240,114.067558289
2241,94.8288345337
2248,104.858123779
2249,95.1550674438
2250,112.363883972
2252,112.396606445
2253,94.6522598267
2254,112.128326416
2256,80.5479278564
2258,94.5333175659
2259,113.341445923
2262,95.6602554321
2265,94.7499389648
2266,104.927139282
2269,95.0137786865
2271,95.1496963501
2273,94.2067489624
2274,112.801773071
2275,94.8346252441
2277,94.5925064087
2279,94.7750320435
2280,79.5612564087
2282,95.6602554321
2283,104.527839661
2288,93.8080368042
2289,111.720207214
2291,94.5245285034
2292,116.298675537
2297,95.2516021729
2298,104.408081055
2299,95.085723877
2300,112.327728271
2301,94.5486221313
2304,94.9753265381
2305,104.535552979
2306,95.6602554321
2308,94.4188690186
2309,112.404693604
2311,94.9486541748
2312,104.062713623
2316,104.091888428
2321,104.40083313
2322,112.715736389
2325,104.092475891
2326,94.4626922607
2329,116.298675537
2330,94.6053771973
2331,104.496307373
2332,112.310028076
2333,95.6602554321
2334,104.263130188
2335,112.343544006
2337,111.792327881
2338,94.9774856567
2340,112.310028076
2342,102.259658813
2345,94.3232803345
2349,94.6676330566
2351,80.2950439453
2352,94.5145339966
2354,112.317047119
2355,116.559951782
2357,112.905769348
2358,94.46118927
2360,94.9224853516
2361,112.317047119
2364,94.7088699341
2366,95.2429580688
2369,104.661636353
2370,95.1748809814
2371,112.356819153
2373,117.485145569
2374,94.9843521118
2376,112.780281067
2378,111.832450867
2382,95.3844604492
2383,94.1444091797
2386,104.032737732
2387,95.1397399902
2389,94.3030166626
2390,111.610610962
2392,94.3315353394
2398,112.310028076
2399,94.5794372559
2400,107.67666626
2401,112.394302368
2402,94.8533859253
2404,94.76953125
2407,111.599182129
2408,113.142227173
2409,113.332061768
2412,80.5930023193
2413,95.1813201904
2415,95.0690383911
2420,111.749282837
2422,94.7803573608
2423,104.131103516
2426,95.0664138794
2432,96.0028076172
2434,94.7270812988
2435,96.1092834473
2436,113.065727234
2438,111.361633301
2440,112.765830994
2443,95.397605896
2444,94.5741424561
2447,104.519180298
2450,94.9131469727
2454,94.9436950684
2455,113.134971619
2459,95.6602554321
2460,112.539215088
2463,94.6459503174
2465,94.8462295532
2468,80.0089035034
2469,94.6955032349
2474,94.368522644
2478,94.6996536255
2480,94.42527771
2481,114.045021057
2489,95.6602554321
2490,104.843032837
2492,94.5922698975
2496,95.6602554321
2497,112.713378906
2500,94.5698928833
2505,95.6571731567
2507,94.5886535645
2508,112.382865906
2509,94.5459594727
2510,79.780128479
2513,93.9080200195
2515,95.6602554321
2518,94.1444091797
2519,112.913612366
2520,94.1444091797
2521,112.883743286
2523,112.875679016
2525,95.0952148438
2529,111.14881897
2530,94.0043640137
2533,111.061569214
2535,93.9075393677
2538,103.178436279
2544,110.709327698
2553,111.382507324
2556,94.4140396118
2558,93.5928344727
2559,116.675773621
2560,94.1388244629
2561,111.642364502
2562,93.5977325439
2563,111.548530579
2564,93.9129333496
2565,111.510025024
2567,103.697715759
2572,94.3820114136
2575,94.1831130981
2576,112.140274048
2577,94.2691345215
2578,94.3310241699
2579,111.588699341
2580,93.579574585
2582,112.101394653
2583,94.2649917603
2587,94.4730072021
2589,111.743865967
2590,96.0504608154
2591,111.14881897
2594,93.7910461426
2597,94.5692443848
2598,103.672683716
2599,94.5528182983
2600,102.933692932
2602,111.244857788
2603,94.3820114136
2604,103.458465576
2606,111.940895081
2607,79.0658035278
2608,94.7426452637
2613,111.249137878
2614,94.7398300171
2615,113.770172119
2617,112.136436462
2620,94.3203811646
2623,112.796089172
2624,94.2557754517
2627,111.249137878
2629,79.0658035278
2630,96.1669082642
2632,94.5549926758
2636,94.0975799561
2639,94.4379882812
2640,103.564956665
2642,111.14881897
2644,103.684906006
2646,111.79839325
2647,94.074836731
2649,94.4063568115
2650,106.453857422
2652,103.618209839
2653,102.503257751
2655,108.481536865
2657,111.354660034
2659,111.80015564
2662,93.6311645508
2663,113.438659668
2664,94.6299819946
2665,102.83757019
2670,94.462562561
2671,103.167762756
2672,96.0839691162
2675,103.618209839
2677,111.574272156
2679,111.934585571
2683,111.822685242
2684,94.0715942383
2685,94.2638168335
2688,103.263237
2689,94.5548782349
2690,103.42817688
2693,95.5138778687
2694,112.241462708
2697,95.7665100098
2699,94.134765625
2703,93.9043502808
2705,103.410125732
2709,79.4928283691
2710,94.422706604
2711,111.894020081
2712,94.638168335
2713,94.6739349365
2714,112.211585999
2715,93.7917480469
2717,93.4310913086
2718,111.575584412
2720,111.508232117
2721,94.4886779785
2726,94.469367981
2728,94.4371261597
2731,102.978034973
2732,111.466537476
2734,93.9856567383
2736,103.148391724
2737,94.2248458862
2738,102.861877441
2739,112.384063721
2746,94.0623550415
2749,102.896087646
2751,116.313156128
2752,104.342483521
2753,94.165802002
2757,103.597381592
2758,94.7479629517
2759,112.441543579
2760,98.5241165161
2762,112.1796875
2764,94.2124176025
2765,111.058525085
2769,112.14276123
2771,112.290412903
2774,93.8527374268
2776,94.2190093994
2777,122.730461121
2778,93.9512329102
2779,112.175979614
2782,93.417175293
2784,94.4556732178
2787,94.4228820801
2789,94.4958267212
2792,94.4385910034
2798,94.3512039185
2799,103.604156494
2800,94.7624588013
2801,79.2197875977
2802,93.7604522705
2804,94.1403884888
2807,102.870666504
2808,94.7232131958
2809,119.670959473
2811,115.171188354
2812,94.4028167725
2814,93.4980239868
2816,94.6113815308
2817,112.319335938
2818,112.069343567
2820,111.859054565
2821,79.7407989502
2822,94.4333496094
2823,103.400390625
2824,94.6278991699
2826,96.3766784668
2829,93.9618453979
2834,93.9085617065
2835,79.6820907593
2838,94.6919021606
2839,111.814041138
2840,93.6461334229
2841,112.113075256
2842,95.1363143921
2846,112.343360901
2848,95.5967788696
2849,94.1709671021
2850,112.211585999
2851,94.3049087524
2853,96.1316146851
2854,111.138832092
2858,113.102607727
2861,94.7456436157
2864,93.9350585938
2865,113.425079346
2866,111.885543823
2867,93.5729370117
2868,112.131546021
2870,111.915802002
2877,96.3715820312
2878,111.176048279
2880,111.751480103
2882,79.114074707
2883,94.5278549194
2884,103.392044067
2885,96.1623535156
2887,95.1363143921
2888,111.601699829
2889,94.569694519
2890,103.242553711
2891,94.3258361816
2892,115.54095459
2893,94.197769165
2898,112.109451294
2899,94.5378417969
2900,112.375473022
2901,94.0933532715
2909,94.6523513794
2910,111.829124451
2911,111.964179993
2913,112.085998535
2914,95.3532867432
2918,94.0920562744
2919,112.22064209
2920,93.7907180786
2921,111.176048279
2922,94.7805099487
2923,102.831451416
2925,111.171066284
2926,93.579574585
2927,111.252281189
2929,111.748245239
2933,93.7849807739
2934,111.90171814
2936,111.181465149
2941,104.010643005
2942,94.9972229004
2943,112.180992126
2945,104.555305481
2950,94.2597732544
2951,112.56603241
2953,117.002426147
2954,95.1431732178
2955,104.052688599
2956,95.3256759644
2960,95.2352218628
2962,94.6206512451
2963,104.857414246
2964,104.484886169
2966,79.6297912598
2967,94.9588088989
2968,113.270980835
2969,93.9159393311
2971,94.404510498
2972,95.2516021729
2974,95.106628418
2975,113.081954956
2977,117.108535767
2980,112.7004776
2981,94.1472167969
2983,95.706161499
2984,104.633010864
2985,116.298675537
2986,104.471046448
2987,95.2516021729
2989,94.4910202026
2990,112.605644226
2991,95.0592346191
2992,79.9879074097
2995,96.5730895996
2996,104.023292542
3002,113.012573242
3004,112.699295044
3005,116.277191162
3006,95.7433395386
3010,95.0422592163
3011,104.00869751
3014,94.0109634399
3015,94.7688064575
3016,94.6893997192
3017,111.793807983
3018,94.6402130127
3021,103.916023254
3024,104.59475708
3028,94.4428863525
3030,94.5984420776
3032,94.9974975586
3039,94.4417037964
3040,104.384506226
3041,95.9632797241
3043,96.5511703491
3044,112.775177002
3046,112.609039307
3055,93.8491897583
3056,112.819213867
3058,94.2832717896
3059,111.787536621
3061,116.485328674
3063,104.390533447
3066,95.1545715332
3067,104.59475708
3068,79.6391525269
3069,94.9919967651
3072,115.157814026
3073,112.780014038
3074,94.9452590942
3077,93.8635482788
3082,95.2165679932
3084,96.6295928955
3085,112.745651245
3088,104.621177673
3091,94.3326339722
3092,112.792602539
3093,95.1088027954
3094,104.100326538
3096,113.731742859
3097,94.5939865112
3098,79.8463592529
3102,116.134819031
3106,94.6102294922
3109,94.2892074585
3111,93.8684921265
3112,116.159172058
3113,95.1587905884
3115,96.9518280029
3116,112.739334106
3117,94.9474945068
3121,112.985076904
3122,94.4157791138
3123,94.5545959473
3124,104.693717957
3125,94.6893997192
3126,103.667732239
3127,116.243606567
3129,94.1990814209
3130,112.746444702
3132,105.035194397
3134,104.799049377
3135,97.5069961548
3137,79.7562561035
3138,97.9089202881
3140,95.0290222168
3144,112.539321899
3145,94.9574737549
3146,114.793495178
3147,97.324508667
3148,104.228187561
3149,103.886711121
3150,112.645301819
3151,94.4164657593
3152,95.2164306641
3155,94.7952575684
3156,113.246459961
3159,93.9334793091
3161,95.1716461182
3162,104.065040588
3163,95.1983413696
3165,103.921676636
3172,94.8339233398
3173,113.344360352
3176,94.8916168213
3177,104.302452087
3179,113.081954956
3183,94.7835006714
3186,94.5967559814
3187,103.527702332
3189,112.491737366
3190,94.4777679443
3192,116.234016418
3193,94.8339233398
3194,112.633140564
3197,94.6522903442
3198,94.9991989136
3200,94.8526611328
3201,116.955848694
3202,94.9991989136
3204,95.6229095459
3205,94.071723938
3206,112.634384155
3208,103.833534241
3210,103.924758911
3211,95.1557388306
3212,116.356918335
3213,94.9766082764
3214,111.676803589
3216,104.484886169
3219,94.5326843262
3220,111.426223755
3221,95.1587905884
3226,106.44392395
3227,95.1426086426
3228,112.860496521
3229,94.7253036499
3232,79.9779129028
3233,94.6734390259
3234,95.1632080078
3236,95.1884994507
3238,112.11390686
3239,112.92893219
3240,94.6519165039
3247,112.295852661
3249,104.335800171
3252,117.075332642
3253,95.1621780396
3254,104.802490234
3255,94.9047851562
3256,113.284065247
3257,94.7872467041
3262,95.1034011841
3263,104.557640076
3264,95.3256759644
3266,113.024093628
3267,95.267616272
3269,95.0830459595
3272,116.180664062
3274,94.6522903442
3275,104.765426636
3277,95.1380081177
3279,95.2638015747
3280,104.280441284
3283,94.8451843262
3285,95.6541519165
3287,94.8754653931
3288,104.59475708
3290,104.575233459
3291,94.9051513672
3298,112.520866394
3299,95.0315933228
3302,111.401565552
3303,94.8610687256
3304,104.588043213
3307,94.4560470581
3309,94.41796875
3314,80.2264175415
3316,112.735832214
3317,94.6408996582
3319,94.8028259277
3320,112.715736389
3321,94.6999664307
3322,104.464073181
3324,94.0754470825
3326,94.6687088013
3329,112.687911987
3330,94.5806274414
3331,112.954147339
3335,116.360404968
3337,95.2788543701
3338,105.164215088
3339,94.9004898071
3340,112.587684631
3341,94.3830413818
3343,96.6250762939
3346,93.6027908325
3348,94.22605896
3351,104.226882935
3352,115.772979736
3355,93.7611160278
3356,112.575126648
3358,104.369659424
3359,94.6808624268
3360,113.355560303
3371,112.853424072
3372,94.6318817139
3374,94.8394241333
3377,112.764053345
3378,93.4927444458
3380,103.96321106
3382,96.7571716309
3386,94.7394180298
3389,112.145820618
3391,103.52243042
3393,97.4196166992
3394,103.552818298
3395,94.1760864258
3397,111.75289917
3398,94.7559356689
3399,79.5529327393
3400,94.2134552002
3404,103.933105469
3407,112.074142456
3409,104.554924011
3419,94.7623214722
3421,94.7823944092
3425,94.7063903809
3427,79.4962615967
3428,115.75856781
3429,111.879928589
3431,94.0736083984
3435,94.0406112671
3436,112.830184937
3439,94.7774581909
3441,97.9200515747
3442,115.75856781
3443,94.730430603
3444,103.685653687
3445,94.5107955933
3446,111.165092468
3449,94.1803359985
3453,94.1703948975
3457,94.6483459473
3460,104.009620667
3461,94.8165359497
3462,94.3756561279
3464,104.089080811
3465,79.2134094238
3466,94.5321655273
3467,103.991584778
3468,94.76978302
3469,104.375297546
3470,103.546134949
3472,111.801147461
3473,94.429473877
3475,93.9078216553
3476,111.910331726
3478,103.991790771
3479,94.6618652344
3483,94.1728363037
3484,103.80406189
3485,94.7850494385
3487,94.2819595337
3488,112.272819519
3496,114.705863953
3497,94.8243942261
3499,95.1642684937
3500,79.2990341187
3501,94.2854232788
3504,94.3062744141
3508,104.641334534
3511,94.4906997681
3512,112.396102905
3515,94.0690765381
3517,94.5328292847
3518,103.439758301
3526,112.654304504
3528,119.371582031
3529,94.4045333862
3530,113.070915222
3531,94.3246536255
3532,111.147674561
3533,94.3868026733
3534,94.615562439
3535,79.306098938
3536,94.0587234497
3537,111.941879272
3538,94.2468719482
3539,112.7059021
3540,104.156532288
3545,111.847930908
3546,93.6214065552
3550,104.493286133
3551,94.5273284912
3553,95.9116592407
3554,104.009620667
3557,94.5471115112
3558,112.545127869
3559,94.1803359985
3561,94.2612228394
3562,111.820571899
3563,94.1769638062
3564,104.226882935
3565,94.5107955933
3567,94.2905883789
3571,104.226882935
3572,94.8754959106
3574,94.8754730225
3576,94.2671813965
3577,111.836532593
3578,94.2686691284
3579,94.2859802246
3583,94.7545471191
3585,94.7797622681
3586,103.834533691
3587,112.348861694
3593,94.5354385376
3594,111.231086731
3595,94.0464630127
3599,94.4605255127
3600,104.25428009
3601,111.801147461
3602,94.1697845459
3604,96.4702377319
3609,116.631118774
3610,112.677841187
3612,111.842254639
3614,112.827926636
3615,94.3967895508
3617,94.8534240723
3618,112.281105042
3619,112.006774902
3620,112.170890808
3621,94.4253387451
3625,94.232460022
3626,103.64793396
3630,103.667442322
3631,94.4911499023
3632,104.556365967
3633,94.3548126221
3634,113.207771301
3637,94.6671447754
3639,94.2994155884
3640,112.445121765
3641,94.409828186
3644,112.708999634
3645,94.3257751465
3646,94.1313476562
3647,94.1960983276
3648,112.014129639
3653,112.471954346
3654,95.8341293335
3655,112.562072754
3659,103.884353638
3660,94.6800994873
3662,112.613647461
3666,94.2550354004
3668,94.9934387207
3671,94.4609909058
3673,94.4733123779
3674,112.438674927
3675,94.3346405029
3681,95.271156311
3682,112.471954346
3686,111.358322144
3687,94.257598877
3692,79.6254501343
3695,112.480827332
3696,94.2147216797
3699,112.056015015
3705,113.276786804
3707,79.6110229492
3708,94.3770523071
3709,112.631874084
3710,94.3725738525
3712,94.6538085938
3715,112.447410583
3716,94.2885971069
3720,113.921318054
3722,79.6110229492
3726,94.3385314941
3728,94.367767334
3729,112.566123962
3731,103.743408203
3735,112.421691895
3736,94.5509490967
3739,103.602493286
3741,110.723739624
3743,102.022605896
3744,93.9607849121
3745,111.602157593
3746,94.0812301636
3751,93.6706085205
3753,94.0342712402
3760,112.132156372
3761,93.9077453613
3762,111.297546387
3763,93.9664230347
3765,93.6840515137
3768,112.332260132
3769,94.0415496826
3770,103.165275574
3773,111.335464478
3774,94.3949356079
3776,95.0291519165
3778,93.6887588501
3779,111.101356506
3780,95.9039382935
3781,111.246673584
3782,93.9616699219
3783,110.622566223
3784,93.9633636475
3786,93.8566513062
3789,112.84197998
3790,94.5877456665
3793,111.886177063
3795,111.314842224
3797,93.8058319092
3798,114.658950806
3800,111.426208496
3804,94.4172973633
3810,94.099609375
3815,111.529159546
3816,94.4172973633
3818,102.410591125
3824,110.531440735
3828,102.524681091
3830,111.008560181
3831,94.2669525146
3832,78.7376022339
3834,111.391059875
3835,93.333694458
3836,111.462783813
3838,94.5116729736
3839,114.750289917
3840,113.775367737
3845,93.825592041
3846,111.219497681
3847,94.0576171875
3849,78.8758773804
3853,111.306526184
3855,102.864456177
3856,94.44190979
3864,79.3985748291
3865,93.9501342773
3866,115.896064758
3867,93.2409439087
3868,111.426208496
3869,94.240524292
3871,93.683265686
3875,102.787185669
3876,93.8862915039
3878,93.7621078491
3879,111.103973389
3881,111.426208496
3883,111.494766235
3884,93.2169265747
3886,110.906356812
3890,93.876701355
3893,110.817939758
3897,102.737487793
3901,93.7749710083
3902,110.520385742
3913,111.563682556
3914,93.7565536499
3916,93.9333496094
3917,112.260604858
3924,104.045982361
3925,94.3932647705
3928,94.8546295166
3929,111.83392334
3932,94.2976303101
3933,103.252914429
3934,79.4446868896
3935,93.8376235962
3936,94.294418335
3937,111.761367798
3938,93.8954620361
3939,112.060432434
3943,93.7884140015
3944,111.236976624
3945,112.149650574
3946,94.9568328857
3947,111.770141602
3948,94.3217468262
3949,111.228630066
3950,94.4818115234
3951,112.156394958
3952,94.3319625854
3953,111.653144836
3961,113.394287109
3962,94.147819519
3966,94.4682693481
3967,102.468559265
3968,94.6637420654
3969,112.87071991
3970,94.4995269775
3971,103.368896484
3973,94.6007461548
3974,111.348724365
3975,114.072692871
3977,108.181152344
3979,112.249198914
3985,94.5986099243
3986,103.158798218
3988,111.94430542
3991,94.2230911255
3992,102.903808594
3993,94.3663024902
3994,94.7774963379
3995,112.421630859
4005,112.383956909
4007,93.8968582153
4008,102.71219635
4009,94.5051956177
4010,116.949241638
4011,79.5422744751
4012,94.2470626831
4013,104.172477722
4015,111.929443359
4016,111.761817932
4018,112.127120972
4025,94.1450576782
4026,112.216751099
4028,112.13243103
4029,94.6611709595
4031,94.0776367188
4032,112.276618958
4033,94.1526870728
4034,103.075408936
4037,94.0494003296
4038,102.81061554
4039,94.1980514526
4041,94.6995773315
4042,111.183677673
4043,94.6334762573
4044,103.252914429
4045,94.5531539917
4046,111.608535767
4047,94.3222122192
4048,103.453392029
4049,95.3961334229
4051,94.1255187988
4052,111.31452179
4058,103.145698547
4062,111.508018494
4064,111.491600037
4067,93.9187774658
4068,79.0736083984
4070,94.3286895752
4072,115.786529541
4074,111.631774902
4075,94.4460906982
4076,111.937812805
4077,94.0041885376
4078,112.055175781
4080,103.252914429
4082,111.690475464
4085,94.3868789673
4086,111.523948669
4088,112.216751099
4089,94.5955581665
4092,79.530456543
4094,93.4960021973
4095,111.940093994
4096,95.1487350464
4097,102.546989441
4102,95.8263549805
4105,129.597595215
4107,111.726051331
4111,94.4019775391
4112,104.459342957
4113,94.3955459595
4114,113.330886841
4115,94.3593215942
4116,112.22958374
4117,93.9548873901
4118,94.7347183228
4119,111.870414734
4120,93.9384765625
4122,80.248626709
4125,93.7560958862
4126,113.503738403
4129,111.999420166
4134,112.375144958
4137,94.2489471436
4141,104.643959045
4142,94.2992248535
4144,94.6526031494
4145,104.034828186
4146,95.0584030151
4150,94.4540481567
4151,79.2161026001
4154,93.9187774658
4156,94.3712539673
4157,111.743225098
4159,111.761817932
4160,94.1793823242
4161,111.733718872
4168,94.572593689
4171,103.139755249
4172,103.00478363
4173,94.7229003906
4175,94.099937439
4176,103.252914429
4177,94.6526031494
4178,101.734939575
4179,94.5772323608
4181,112.162162781
4183,94.6611709595
4184,112.596702576
4185,93.6440505981
4186,111.574157715
4188,117.506637573
4190,110.635498047
4192,94.0979919434
4193,111.500221252
4194,111.366981506
4195,95.136932373
4196,79.052444458
4202,94.6934509277
4203,103.670280457
4208,94.1539382935
4209,111.552688599
4210,93.8138961792
4211,111.694915771
4212,115.569854736
4214,103.284225464
4215,94.6870574951
4216,113.737609863
4217,93.8348693848
4219,94.4442520142
4222,111.766044617
4224,80.1393814087
4231,103.275436401
4232,94.6611709595
4234,93.3243942261
4236,94.6526031494
4237,103.219619751
4240,94.6028671265
4242,103.104537964
4243,94.1640548706
4247,93.8391799927
4248,113.047485352
4249,93.9045944214
4254,102.882720947
4263,94.6394042969
4265,112.13949585
4267,111.608688354
4268,111.901367188
4271,112.104629517
4272,94.6086349487
4273,111.880714417
4274,93.8287353516
4276,94.2880554199
4278,94.305557251
4280,94.5901947021
4281,112.129852295
4283,94.2470245361
4284,111.790557861
4285,94.5881195068
4286,111.521278381
4287,94.10496521
4288,113.425926208
4289,93.5157165527
4290,80.1718597412
4293,94.0752868652
4296,111.586112976
4297,93.9079208374
4299,93.4006118774
4303,112.337631226
4310,94.665687561
4312,103.252685547
4318,103.215965271
4320,111.68421936
4322,94.3894577026
4323,116.526031494
4325,103.287719727
4326,111.97567749
4328,102.983665466
4330,103.225006104
4332,111.415077209
4333,94.5597076416
4335,94.0278320312
4336,111.314781189
4338,103.807533264
4341,94.5393829346
4342,106.22252655
4344,103.142051697
4347,94.8576889038
4348,103.392753601
4351,105.877052307
4352,94.520866394
4353,112.20249939
4355,102.886749268
4356,94.3980407715
4359,102.608184814
4360,94.6242523193
4361,94.424156189
4364,94.4676208496
4365,103.081283569
4368,94.7630844116
4372,94.3432235718
4374,93.662147522
4376,93.9293823242
4377,102.781265259
4380,94.2731399536
4383,104.023094177
4384,94.305557251
4385,102.594039917
4389,94.2600021362
4391,94.5299835205
4392,111.308525085
4393,93.7193222046
4395,93.8607330322
4396,111.231399536
4398,112.057853699
4399,103.357772827
4401,93.7634887695
4406,96.7646484375
4408,103.243133545
4412,103.397224426
4415,94.4263000488
4418,111.912811279
4419,93.662147522
4420,79.0429000854
4422,111.207000732
4423,93.662147522
4425,94.6125717163
4428,112.642356873
4431,111.782661438
4434,93.3284301758
4436,94.685295105
4437,111.030685425
4439,115.430877686
4440,93.7224121094
4441,112.333747864
4444,94.6888580322
4445,103.273681641
4446,94.6975631714
4447,112.377365112
4452,102.749900818
4456,112.098884583
4457,94.424911499
4458,111.520057678
4460,94.4072494507
4461,115.460006714
4462,93.9887542725
4465,102.462585449
4466,102.824203491
4468,94.8683242798
4469,102.806808472
4472,111.984558105
4475,94.430809021
4478,93.7652359009
4479,114.06829834
4480,94.6375045776
4483,79.631980896
4484,94.0986480713
4485,103.262145996
4486,94.7164001465
4488,94.4714736938
4489,102.721481323
4490,94.1973648071
4491,110.067344666
4492,94.6231079102
4493,105.958595276
4494,93.926071167
4495,102.686088562
4498,79.2824554443
4499,94.3195343018
4500,102.657295227
4503,111.716506958
4505,102.470680237
4506,94.7791061401
4507,94.7573776245
4508,103.254676819
4510,111.986480713
4511,93.3444595337
4513,94.7886352539
4516,79.7947540283
4519,93.6096725464
4521,94.5581741333
4531,93.810546875
4532,79.0925521851
4533,95.6234283447
4534,112.261650085
4536,103.254676819
4537,94.4295883179
4539,94.5620346069
4542,102.641357422
4545,93.9610748291
4549,93.8587188721
4551,94.6249084473
4554,102.94732666
4556,111.729248047
4559,112.412475586
4561,111.71572876
4562,111.320098877
4566,111.911010742
4569,94.4305343628
4570,111.240608215
4573,94.5188446045
4574,102.633705139
4575,94.4360809326
4577,94.6342010498
4578,111.80355835
4580,111.96913147
4582,93.2037658691
4583,111.207000732
4585,94.0386810303
4587,103.254676819
4595,94.0074768066
4596,112.129554749
4601,94.0700073242
4602,112.032363892
4603,94.2023010254
4605,111.94871521
4606,94.0054321289
4607,112.460670471
4608,95.593421936
4610,94.4981079102
4613,102.730171204
4617,94.1427001953
4618,111.68258667
4619,94.1092147827
4620,94.419303894
4622,105.094482422
4625,94.4119262695
4626,103.254676819
4627,94.2253952026
4629,94.0007781982
4631,93.657081604
4633,103.254676819
4634,115.792297363
4635,94.4474563599
4639,94.0786209106
4640,103.058097839
4642,103.108001709
4644,111.718055725
4646,103.254676819
4647,94.3459472656
4648,79.1742324829
4649,94.4305343628
4650,112.553199768
4655,93.8587188721
4660,94.3708190918
4661,112.566352844
4662,93.0387954712
4663,111.741279602
4665,94.101234436
4666,111.486282349
4667,103.048431396
4668,94.0809936523
4670,94.0488510132
4671,111.077896118
4672,94.4210662842
4673,103.100128174
4675,103.091339111
4676,94.2769241333
4677,111.488700867
4680,94.5429077148
4682,94.4854736328
4683,111.397232056
4685,103.407203674
4686,94.4051589966
4688,112.448539734
4690,113.332977295
4692,112.884887695
4693,94.4583206177
4697,94.550163269
4700,112.543258667
4702,112.838882446
4707,116.42427063
4708,94.9704971313
4710,80.2366638184
4716,102.185241699
4717,95.1987609863
4718,94.5749664307
4720,95.3879241943
4721,79.7676239014
4723,95.2580566406
4726,112.908927917
4727,93.865020752
4729,94.4601821899
4731,94.7618026733
4732,112.379173279
4735,94.6629257202
4736,104.362678528
4737,94.6444396973
4738,112.033950806
4739,112.522445679
4744,104.197822571
4747,94.3980636597
4749,113.171104431
4750,94.9704971313
4752,112.364868164
4755,95.2472229004
4756,103.382713318
4757,112.963844299
4758,94.4932022095
4759,104.103111267
4763,95.1883163452
4764,103.968353271
4765,94.7936172485
4766,96.6714248657
4767,112.439369202
4769,112.448776245
4770,95.1281204224
4771,79.6622009277
4772,104.387191772
4774,112.416656494
4776,113.013504028
4777,113.158561707
4778,95.1474380493
4780,94.9012298584
4784,94.5316467285
4786,95.5676345825
4787,79.7109375
4788,95.3084869385
4789,112.333976746
4791,104.136573792
4792,94.7816467285
4795,112.564353943
4796,94.4178848267
4803,94.4456558228
4805,95.3572235107
4807,95.0536499023
4809,94.8429336548
4816,95.0503234863
4817,79.6927185059
4818,93.8505096436
4820,94.7431640625
4821,103.73008728
4823,112.908927917
4824,94.7359695435
4825,112.837936401
4829,103.10307312
4830,95.3495101929
4831,113.131027222
4833,107.931976318
4836,94.6054000854
4837,112.417648315
4838,94.4783248901
4840,94.6201019287
4841,80.3634719849
4842,94.0824508667
4843,113.760475159
4844,94.7029418945
4849,107.092636108
4851,108.591537476
4852,94.7728347778
4858,94.4867095947
4860,95.3347702026
4863,112.185928345
4864,94.6834411621
4865,112.114456177
4867,113.319190979
4868,96.4955749512
4869,112.57849884
4873,94.3951644897
4875,95.1765213013
4876,112.726203918
4877,94.7409820557
4878,112.287185669
4880,79.7168884277
4886,112.820007324
4888,104.272521973
4889,94.7796859741
4890,113.214202881
4893,95.2305221558
4895,95.1836471558
4896,104.363075256
4899,94.2855682373
4901,94.6624984741
4902,112.798599243
4903,94.7200164795
4904,112.333976746
4910,94.3585891724
4912,94.6865615845
4915,95.5321273804
4916,105.432746887
4917,94.9595718384
4920,104.368347168
4927,104.171455383
4928,94.5204620361
4931,104.128257751
4934,94.7972335815
4936,94.8899383545
4939,113.440963745
4942,112.520072937
4943,95.3863601685
4944,103.999076843
4945,95.0640335083
4947,112.287185669
4948,94.4532546997
4951,95.1003112793
4952,112.366226196
4953,94.147857666
4956,94.7200164795
4957,113.797538757
4958,93.998008728
4960,94.766746521
4968,94.8945922852
4969,104.166748047
4971,103.621208191
4973,112.369987488
4975,113.176651001
4976,94.4129714966
4978,94.7733764648
4979,113.35559082
4982,94.5735702515
4983,112.631149292
4984,94.5060272217
4985,116.407951355
4986,94.9770965576
4987,113.745018005
4988,95.2344360352
4994,95.066986084
4995,95.3723678589
5002,79.8073577881
5004,94.9066467285
5005,103.92804718
5006,95.2252349854
5007,103.824607849
5009,112.644088745
5011,112.369987488
5014,95.1479034424
5015,104.671676636
5018,94.726524353
5019,112.517211914
5020,94.8879089355
5021,112.706184387
5022,94.791557312
5023,94.7864608765
5025,95.3392333984
5032,94.7967376709
5034,94.4183807373
5036,94.4680709839
5038,94.6702957153
5039,112.976303101
5046,95.2564468384
5049,112.517211914
5051,94.7372665405
5052,94.0463638306
5053,112.426765442
5054,95.3347702026
5055,94.5450515747
5057,94.9815444946
5059,94.7703704834
5062,95.5389633179
5063,112.65814209
5065,113.281837463
5069,95.0495147705
5071,95.7975234985
5074,113.121604919
5075,94.0047302246
5076,112.550765991
5077,79.6723861694
5079,104.584327698
5080,95.1672897339
5081,112.345367432
5083,104.031944275
5088,104.260345459
5089,94.6975097656
5093,113.095062256
5094,103.990470886
5095,94.8121948242
5099,111.465881348
5101,112.578887939
5103,103.889312744
5104,95.1775817871
5105,112.565559387
5107,94.6806259155
5108,113.391403198
5109,94.7766265869
5111,94.5475997925
5112,112.318397522
5113,95.0846176147
5114,112.682739258
5115,94.7293014526
5118,95.0893249512
5122,95.3347702026
5123,79.8136138916
5125,94.9584579468
5127,104.034248352
5128,95.4003067017
5129,116.317604065
5132,95.1990356445
5134,112.924102783
5135,94.9875183105
5137,112.82509613
5142,94.4188690186
5143,103.512863159
5144,94.5034637451
5148,94.831489563
5149,94.4478988647
5150,105.185813904
5154,79.6946258545
5155,94.599357605
5159,94.9685821533
5164,94.7731018066
5165,113.071685791
5166,94.8218688965
5167,113.172958374
5169,94.3603134155
5171,93.9147338867
5172,112.849639893
5176,95.0021362305
5184,112.473953247
5185,94.3113632202
5186,112.725265503
5188,105.247383118
5189,112.600708008
5190,94.9863052368
5191,113.071685791
5193,112.784812927
5196,94.4912338257
5199,79.7440490723
5200,104.199119568
5203,94.7756500244
5204,112.202941895
5205,94.1044464111
5207,95.0318908691
5208,110.931137085
5212,94.8698272705
5214,95.0440139771
5218,94.4830551147
5220,95.0862197876
5222,94.154914856
5224,95.0599517822
5225,104.27407074
5227,112.741493225
5229,104.563011169
5232,93.8124237061
5233,116.520324707
5234,104.443115234
5237,112.190628052
5239,111.610496521
5240,98.7307891846
5241,112.517211914
5244,94.8935623169
5248,112.149101257
5251,93.8796005249
5253,94.9295654297
5255,95.1271743774
5256,103.740882874
5257,94.7729415894
5259,95.339553833
5260,112.149154663
5266,94.7719345093
5268,94.8113021851
5275,112.251098633
5276,112.860877991
5277,93.9031295776
5279,95.2004547119
5280,104.550689697
5281,94.4952316284
5283,94.7225646973
5284,80.0266571045
5285,95.3723678589
5286,103.835075378
5287,95.0926895142
5289,94.8385543823
5290,112.784812927
5292,104.674591064
5293,95.1957702637
5294,103.285079956
5297,94.5924606323
5299,107.848564148
5302,94.9437255859
5305,79.802482605
5306,95.1058502197
5308,94.4480895996
5309,94.7850112915
5310,112.410423279
5312,112.571365356
5316,112.556976318
5317,94.9818115234
5319,79.8136138916
5320,95.3644943237
5323,94.6143264771
5329,112.844223022
5331,112.404594421
5334,112.237266541
5336,112.835357666
5338,104.254684448
5341,94.4410476685
5345,96.3215408325
5348,94.8170776367
5349,112.867874146
5355,104.585411072
5356,95.0481262207
5360,103.829528809
5362,112.68611145
5364,112.674873352
5366,104.737640381
5367,94.1592636108
5368,95.1250762939
5370,94.6211700439
5371,81.0913085938
5373,104.088981628
5375,112.190628052
5376,94.5825271606
5378,112.543014526
5379,95.3765029907
5383,94.7520294189
5384,103.4349823
5389,112.919311523
5391,80.3251800537
5393,111.756736755
5395,112.816497803
5397,111.934059143
5398,94.6986312866
5399,112.73941803
5401,116.639884949
5402,93.969871521
5403,112.737571716
5404,96.3125839233
5407,79.6651229858
5408,94.8634490967
5413,111.728691101
5414,94.737739563
5417,94.5510177612
5418,104.674591064
5420,112.97454071
5421,93.617515564
5424,94.798576355
5425,112.276657104
5426,96.8098678589
5429,112.785842896
5431,94.9535217285
5437,103.847244263
5440,93.9366073608
5444,104.525512695
5446,104.857452393
5447,95.0925598145
5451,95.4311523438
5452,112.209266663
5455,104.443115234
5456,94.9883956909
5458,95.0855484009
5459,112.709220886
5460,95.3115005493
5462,94.6048202515
5463,112.546417236
5464,94.4008789062
5465,114.679458618
5466,95.5635299683
5467,104.119064331
5468,95.1414260864
5469,112.25743103
5472,94.8669509888
5474,94.6375350952
5475,112.325828552
5476,95.7285995483
5479,104.15750885
5480,112.227745056
5482,112.431610107
5485,94.3709182739
5486,116.960456848
5488,79.9894256592
5495,104.3179245
5496,95.4680099487
5497,115.49029541
5499,115.078590393
5503,94.6359405518
5504,94.9360733032
5507,95.4469604492
5509,94.8963012695
5511,94.2455596924
5512,112.32208252
5516,111.81942749
5517,94.7885284424
5518,103.620262146
5521,94.5472564697
5522,103.638435364
5527,94.7853775024
5528,94.3762893677
5529,111.984603882
5532,94.347076416
5533,112.68031311
5535,103.274681091
5536,103.686248779
5540,95.7652282715
5547,94.2646560669
5548,112.547416687
5550,79.0727157593
5551,94.0963592529
5554,112.052696228
5555,94.5081634521
5559,111.722961426
5560,95.4461212158
5561,111.740577698
5562,94.1413421631
5563,112.256484985
5565,79.5224609375
5566,94.7533416748
5567,103.605445862
5568,94.2653656006
5572,95.0284881592
5574,94.5707244873
5576,94.4970016479
5579,112.779830933
5580,79.3827514648
5581,94.1874542236
5583,94.4795455933
5584,112.787979126
5586,112.311798096
5587,93.0777587891
5589,103.167449951
5591,102.935501099
5592,93.953086853
5593,112.351196289
5594,94.6723861694
5595,79.6220245361
5596,111.982620239
5597,112.949935913
5598,115.515457153
5599,94.6089630127
5602,111.99899292
5603,94.6723861694
5605,93.9318466187
5607,93.5230102539
5608,112.200523376
5609,93.8677368164
5610,94.6415252686
5612,94.5365447998
5613,112.013168335
5614,94.1727218628
5616,94.3916778564
5621,94.2894668579
5623,94.6088943481
5628,112.881561279
5629,94.3603363037
5631,95.0094299316
5633,94.5860900879
5638,103.651496887
5639,94.6585540771
5640,104.10131073
5645,94.9471817017
5646,79.2281646729
5649,94.6932373047
5653,112.664855957
5655,113.710823059
5656,94.7499008179
5658,94.5472564697
5662,115.797531128
5663,93.621887207
5667,94.3022994995
5670,94.6089630127
5671,103.030639648
5672,94.6430892944
5673,103.252563477
5674,94.3112945557
5675,103.149208069
5676,94.7822723389
5679,111.94683075
5683,118.285514832
5687,94.6371002197
5688,80.4750747681
5690,94.8801040649
5691,111.894546509
5692,94.0551834106
5693,111.846847534
5694,94.4239044189
5697,114.445549011
5698,93.6364974976
5699,111.958572388
5704,94.5736083984
5707,111.94683075
5709,103.297912598
5710,94.645324707
5714,94.3601837158
5718,94.6657409668
5721,94.7454833984
5723,94.2513656616
5724,112.700683594
5725,94.4700698853
5726,112.271064758
5729,95.208152771
5730,103.676757812
5731,94.5960769653
5733,79.8031387329
5736,93.8202896118
5741,102.600624084
5745,112.607749939
5747,94.6840209961
5748,103.630989075
5750,112.4659729
5751,94.9769592285
5752,94.5410461426
5754,94.2621688843
5755,94.52759552
5757,94.3930664062
5758,115.53565979
5760,103.509384155
5762,103.068893433
5766,111.642532349
5768,94.8942642212
5769,115.750106812
5770,94.6756210327
5771,112.245651245
5772,94.3547363281
5773,111.462005615
5774,94.08959198
5776,93.6239318848
5777,112.029022217
5778,93.8594207764
5780,111.809158325
5782,93.9702377319
5783,79.779006958
5784,94.8330993652
5786,94.5442504883
5788,94.7986450195
5789,112.25630188
5790,94.6605148315
5791,103.79914856
5793,104.649688721
5794,94.3320465088
5796,115.783599854
5797,94.3873748779
5801,94.1191482544
5803,94.6371002197
5804,111.517471313
5805,94.5568313599
5806,79.1740036011
5808,112.032402039
5813,94.6252746582
5815,94.4281387329
5816,106.268829346
5822,95.6052703857
5823,111.777359009
5825,103.813011169
5827,112.732414246
5829,103.016471863
5830,95.4382705688
5831,112.297447205
5832,94.248840332
5833,112.032402039
5837,112.902931213
5838,94.5961685181
5839,94.5393981934
5842,104.140518188
5844,111.892028809
5845,111.891235352
5846,117.763458252
5848,79.1986541748
5850,112.42780304
5851,93.755279541
5853,94.8942642212
5854,103.899368286
5858,104.120201111
5860,112.266624451
5864,103.18056488
5866,94.6544723511
5867,111.97303772
5868,93.7730255127
5869,111.927436829
5870,94.1786422729
5871,112.285049438
5874,112.620880127
5876,112.60773468
5877,93.4682846069
5878,93.9252700806
5879,112.022697449
5880,94.3207321167
5884,94.0012054443
5886,111.600112915
5890,102.192108154
5896,94.6411361694
5897,103.316566467
5898,94.8739471436
5901,104.620864868
5903,111.970748901
5906,94.5168380737
5908,111.718887329
5909,93.5521697998
5910,111.986984253
5911,94.5880584717
5912,112.18334198
5914,112.620880127
5919,111.742240906
5924,94.2860336304
5926,94.4024124146
5929,103.768119812
5930,94.3229293823
5932,94.8048400879
5933,112.326095581
5934,93.6182937622
5935,111.958465576
5936,96.3408737183
5937,112.241722107
5938,94.2658538818
5939,110.833229065
5942,112.052604675
5943,94.562286377
5944,104.344490051
5946,111.707649231
5951,93.9418411255
5953,102.565803528
5954,94.5841217041
5957,102.989517212
5961,94.3642578125
5962,103.819618225
5964,79.6215591431
5965,94.5095672607
5968,112.270263672
5969,93.9690093994
5974,94.3863754272
5975,112.313667297
5978,79.6876373291
5981,102.980728149
5982,94.5065078735
5983,112.003540039
5989,110.95349884
5991,94.2357025146
5992,102.302993774
5995,94.4081726074
5996,102.677856445
5997,111.544410706
5998,93.6290435791
5999,78.9622497559
6001,111.450111389
6002,94.2280883789
6003,110.962097168
6004,94.4618911743
6006,111.771118164
6007,94.2828674316
6011,104.567802429
6012,102.817207336
6014,94.451789856
6015,102.527702332
6016,94.0688552856
6017,111.980529785
6018,94.7904129028
6024,94.5203704834
6025,102.736808777
6026,112.226280212
6028,111.929550171
6029,79.5511932373
6030,94.4219589233
6036,112.216415405
6040,94.401222229
6041,112.140365601
6042,93.9390792847
6044,94.5808410645
6045,103.085494995
6047,103.062438965
6048,94.2319259644
6049,111.60635376
6051,115.473434448
6052,111.985397339
6053,93.2895431519
6054,111.842941284
6058,103.392684937
6059,94.3179016113
6062,94.7611846924
6063,115.495414734
6064,102.869552612
6065,94.401222229
6067,94.3147735596
6068,111.994842529
6070,102.59072113
6071,101.51084137
6072,111.198143005
6080,111.198143005
6081,94.1834411621
6084,103.745925903
6087,94.3448867798
6089,103.083366394
6092,111.198143005
6094,94.0032653809
6095,111.594741821
6097,113.530639648
6100,94.0127334595
6104,102.761634827
6105,93.9764862061
6106,111.313568115
6107,79.2184677124
6108,93.8611755371
6109,111.198143005
6110,93.9056091309
6114,111.198143005
6116,93.7822113037
6117,102.722961426
6118,94.6479263306
6123,79.592010498
6125,111.577438354
6128,111.379119873
6130,102.599441528
6132,111.190093994
6137,79.6215438843
6139,112.847389221
6140,94.5337677002
6141,113.559196472
6142,103.481872559
6144,109.330635071
6145,94.6199417114
6146,94.2352142334
6149,93.3727264404
6156,93.9154434204
6159,112.375724792
6160,94.5337677002
6162,102.965820312
6164,111.270195007
6165,93.6579971313
6168,79.6087036133
6169,111.60761261
6170,94.0973205566
6171,111.943405151
6172,93.4084091187
6173,113.550964355
6176,95.0049362183
6177,93.330947876
6178,94.5981063843
6180,94.3060379028
6181,103.045837402
6182,93.803314209
6185,93.8894271851
6186,111.737564087
6188,112.003372192
6189,94.1612548828
6192,103.745925903
6193,94.287651062
6194,103.085494995
6195,94.0400390625
6196,115.409225464
6197,93.9160461426
6201,111.882156372
6202,94.1292877197
6203,112.114379883
6204,94.0038986206
6207,116.093788147
6209,94.0653762817
6210,94.0591583252
6211,112.202331543
6213,111.771247864
6216,93.2873535156
6217,93.5750656128
6219,94.4535217285
6222,79.0157165527
6223,94.532409668
6235,94.6052246094
6240,94.3869247437
6242,94.0482940674
6247,94.1883087158
6251,111.298561096
6254,111.564445496
6255,94.2658538818
6260,102.688575745
6261,94.4599914551
6262,102.791854858
6264,111.759490967
6269,102.904884338
6271,104.036460876
6275,113.063049316
6276,94.0352325439
6278,95.0243377686
6279,112.18296814
6281,112.422676086
6284,93.8777236938
6286,93.9287567139
6287,79.3862304688
6288,94.5494003296
6292,93.931427002
6293,93.9062652588
6295,94.0613861084
6298,111.671768188
6300,111.259780884
6304,102.906402588
6308,111.270591736
6310,94.9428253174
6312,110.905845642
6320,94.613243103
6324,93.1751708984
6325,111.88911438
6330,94.8891830444
6336,111.652175903
6340,103.440681458
6341,95.1943664551
6342,103.712265015
6344,94.4014511108
6345,112.089019775
6347,112.142166138
6348,93.9905853271
6349,111.370559692
6351,79.2582092285
6353,112.163162231
6354,93.9112930298
6357,93.7694625854
6358,102.794654846
6360,102.454360962
6363,112.823776245
6364,93.1780395508
6368,113.083786011
6370,94.5965042114
6371,94.397315979
6377,95.1737518311
6379,94.7740020752
6381,94.3215179443
6382,80.9047546387
6383,112.649360657
6388,112.013275146
6390,112.116920471
6392,103.433013916
6393,94.6047439575
6395,94.3416366577
6398,103.490585327
6401,79.5271911621
6402,94.2071228027
6403,112.230819702
6405,94.1557998657
6406,93.5661773682
6407,112.389221191
6409,104.123466492
6411,94.5316696167
6413,94.9027252197
6416,104.731018066
6417,94.4870376587
6418,93.9376602173
6419,116.38911438
6420,113.673484802
6426,112.666313171
6429,94.3427200317
6430,94.5675964355
6431,112.230819702
6432,94.1893005371
6434,95.2619628906
6437,112.217811584
6438,94.8535995483
6439,103.906585693
6440,94.305480957
6441,94.339302063
6442,110.968727112
6443,94.2533493042
6445,94.4725189209
6448,111.946784973
6450,111.14214325
6453,94.6686019897
6455,94.5194320679
6457,96.3480987549
6458,111.723342896
6461,94.22681427
6464,112.554832458
6467,94.1849899292
6469,94.7896881104
6470,79.6234970093
6471,96.8418502808
6473,103.966125488
6474,94.4677658081
6479,94.1736907959
6481,93.8052139282
6484,112.433303833
6495,96.7840652466
6496,111.238327026
6505,110.99785614
6506,94.2144927979
6508,94.9768753052
6509,94.4557495117
6510,103.805343628
6512,103.79990387
6513,94.1446990967
6514,111.473266602
6515,93.5419921875
6519,94.5594863892
6521,93.9983291626
6523,79.1007080078
6525,104.703697205
6526,94.5486755371
6528,94.5518569946
6529,111.220352173
6531,104.013717651
6533,104.744689941
6534,94.4157867432
6535,111.601608276
6536,93.8408584595
6537,112.366149902
6540,93.3822021484
6541,111.83895874
6547,94.618270874
6548,111.414337158
6551,111.751907349
6553,111.071418762
6555,105.035369873
6556,94.7289428711
6561,81.6744537354
6564,94.017326355
6565,111.780815125
6568,94.2399978638
6569,110.891357422
6573,104.433074951
6574,94.1580657959
6577,111.275871277
6579,113.06842804
6581,93.8698120117
6582,111.375144958
6585,105.357719421
6586,94.5127563477
6589,103.462150574
6590,79.1177749634
6593,94.4278869629
6594,111.360572815
6595,96.314239502
6599,93.7228622437
6600,93.7065811157
6601,110.780944824
6602,93.2442092896
6603,111.25743866
6604,94.0994796753
6607,103.982620239
6608,104.581504822
6609,93.7199020386
6611,93.9789123535
6613,110.891357422
6614,94.085105896
6616,93.6137771606
6617,110.891357422
6618,94.2075805664
6619,103.620201111
6621,105.002838135
6627,103.698432922
6629,110.527366638
6631,79.1691436768
6634,94.0226211548
6636,94.1497955322
6638,94.2399978638
6639,110.891357422
6641,111.250366211
6642,94.38671875
6651,114.173675537
6654,80.5569610596
6657,94.2446212769
6663,94.0028457642
6665,113.924438477
6666,94.3047637939
6668,94.2075805664
6669,104.937454224
6670,94.2120437622
6671,96.7666625977
6673,94.1350860596
6675,93.9887008667
6676,80.1796722412
6677,94.2801437378
6679,94.3245620728
6680,111.297691345
6681,103.81086731
6685,103.975028992
6688,93.977684021
6689,96.5944137573
6690,110.500892639
6692,110.902580261
6693,94.3704071045
6694,94.2933425903
6698,115.504295349
6699,93.7477874756
6700,110.530860901
6701,96.3744125366
6702,110.707695007
6704,96.6056442261
6707,111.066955566
6712,111.221687317
6713,93.4234542847
6715,94.0231399536
6721,110.904121399
6722,94.0849075317
6723,111.2057724
6724,93.3746795654
6725,115.561401367
6731,111.208068848
6735,91.3216400146
6736,94.0383911133
6737,104.718200684
6738,93.9547729492
6739,102.92489624
6741,103.362983704
6743,97.577041626
6745,94.1966705322
6747,110.955024719
6749,93.8829421997
6750,104.152366638
6751,114.839866638
6752,93.8136291504
6753,110.902580261
6755,113.268974304
6756,94.2287368774
6757,103.90536499
6759,111.113815308
6761,93.6649627686
6763,96.8530807495
6764,115.136672974
6765,94.5636825562
6766,111.611366272
6768,111.446380615
6771,96.5754852295
6773,94.3840255737
6774,94.1148376465
6778,109.771522522
6779,94.6435928345
6781,93.2647247314
6784,93.9131469727
6786,92.895690918
6787,110.585800171
6790,92.7899932861
6793,102.683113098
6795,108.970085144
6798,110.383636475
6806,101.84727478
6807,93.9530639648
6810,93.0392150879
6815,109.947883606
6816,93.0363693237
6817,101.489074707
6818,93.4795150757
6819,102.300582886
6820,93.5386352539
6822,93.0206832886
6823,113.617996216
6824,109.77784729
6825,93.4923706055
6828,78.2713394165
6829,110.000740051
6831,109.820343018
6832,93.1687774658
6833,109.532211304
6834,93.0209655762
6836,93.3831863403
6837,109.690223694
6838,92.5253677368
6840,101.76914978
6843,92.7114868164
6845,92.5285186768
6846,93.0060348511
6847,109.420440674
6851,110.226593018
6852,92.6030349731
6853,109.359588623
6858,93.595703125
6861,110.410736084
6863,109.3515625
6864,78.1401824951
6865,93.0770492554
6866,109.64868927
6867,93.6454772949
6868,101.898887634
6869,93.5648803711
6870,109.77784729
6874,109.963470459
6875,93.1516342163
6877,109.901229858
6878,93.0857849121
6880,96.7001419067
6883,109.404563904
6884,93.1559524536
6886,93.28540802
6890,93.6345825195
6893,109.895866394
6894,93.2205276489
6899,109.901229858
6900,93.2122573853
6904,92.6271438599
6905,109.981292725
6906,92.7652587891
6910,93.3742752075
6912,102.060897827
6913,110.32219696
6920,93.1884918213
6922,93.1410369873
6923,108.913909912
6926,93.5442123413
6927,109.592544556
6928,93.1458358765
6931,109.922561646
6933,93.0506286621
6936,92.5464935303
6937,109.725280762
6939,110.824783325
6941,93.1426925659
6942,110.590660095
6943,93.2192764282
6944,101.281333923
6945,93.4741744995
6946,111.334579468
6947,113.609161377
6949,102.281837463
6951,102.333389282
6953,110.725387573
6954,97.1136703491
6955,110.530250549
6963,109.20362854
6964,93.0328979492
6966,93.1089324951
6968,92.987197876
6970,102.266296387
6972,110.933830261
6976,110.364311218
6978,109.64868927
6981,101.702217102
6985,102.680938721
6986,93.0499267578
6987,109.778846741
6989,110.174514771
6991,113.617996216
6993,111.226577759
6994,93.3418426514
6995,109.830978394
6996,93.0782012939
6997,109.881973267
6998,78.3638458252
7001,109.257194519
7003,111.425178528
7006,93.5342483521
7008,101.630615234
7010,92.4799423218
7011,93.6762008667
7012,110.70223999
7013,92.724647522
7014,110.080993652
7017,102.051307678
7018,93.5860824585
7019,92.5429458618
7023,93.3294677734
7024,101.262176514
7025,92.9571228027
7026,110.250236511
7027,92.8609161377
7028,110.900093079
7030,108.913909912
7031,93.3060760498
7033,110.440475464
7036,93.3875732422
7037,93.3807296753
7039,93.0196685791
7044,92.6973876953
7045,109.697303772
7046,93.4434890747
7049,101.827911377
7050,93.6499786377
7051,102.266296387
7054,109.594055176
7055,93.3616790771
7057,93.1099090576
7060,109.901229858
7061,93.7452392578
7063,92.5325469971
7064,109.926063538
7067,96.6892318726
7071,93.3568115234
7074,102.024681091
7075,93.2526016235
7078,109.697303772
7079,92.368812561
7080,110.641014099
7081,93.4830703735
7082,109.949134827
7083,92.7848587036
7085,110.150054932
7092,102.265022278
7094,93.4349441528
7100,92.8573455811
7101,109.864196777
7102,109.64868927
7104,109.790260315
7105,93.7452392578
7106,93.5349121094
7107,101.948379517
7108,78.0649795532
7109,92.7597045898
7110,109.725280762
7112,93.576385498
7113,102.158096313
7114,93.4059143066
7116,109.917160034
7117,94.0896835327
7118,102.28099823
7120,93.1477813721
7121,101.736961365
7123,102.140899658
7124,93.3540725708
7127,106.101211548
7131,102.103103638
7132,93.4685974121
7133,92.576423645
7134,109.981636047
7135,92.4806976318
7136,110.278877258
7137,92.955291748
7141,92.8800811768
7144,102.182571411
7147,109.990852356
7148,93.2116241455
7150,92.0851898193
7151,93.1477813721
7152,102.075744629
7154,93.3665237427
7156,93.270866394
7157,102.295852661
7159,113.639976501
7161,93.686668396
7163,93.5767288208
7164,101.625434875
7167,78.161605835
7169,102.597938538
7170,93.5056533813
7173,93.4914703369
7174,108.559303284
7177,110.058837891
7178,102.664924622
7179,93.0540161133
7180,77.8201522827
7181,109.788459778
7182,93.2627029419
7184,93.6130447388
7185,110.319267273
7186,92.6352615356
7187,112.493476868
7188,92.8490829468
7189,109.941574097
7191,102.108024597
7193,109.244117737
7197,93.5249710083
7199,93.3888320923
7200,109.949134827
7201,92.4695281982
7204,93.1905441284
7207,109.478973389
7209,109.367706299
7210,92.9191589355
7211,102.18585968
7213,91.612449646
7214,109.881973267
7216,109.881973267
7217,92.9885940552
7220,109.57509613
7224,108.913909912
7225,93.0903701782
7226,109.881973267
7227,92.626083374
7234,110.319267273
7236,90.5441665649
7239,102.454452515
7240,93.5816421509
7242,112.368934631
7244,109.98248291
7245,93.2263259888
7247,110.652816772
7248,92.607673645
7249,114.382034302
7250,110.662078857
7251,92.5168304443
7252,111.078338623
7253,78.0290222168
7256,93.7871322632
7260,93.2463760376
7261,110.708999634
7264,93.568901062
7269,110.595458984
7270,93.1681594849
7273,110.521003723
7279,92.880355835
7281,111.195678711
7284,92.4225997925
7285,111.228797913
7286,114.354072571
7287,93.3196334839
7289,93.776008606
7292,93.6709594727
7293,110.765777588
7296,94.0179595947
7297,110.867248535
7298,92.2765197754
7299,110.691955566
7301,102.332687378
7304,110.188423157
7306,117.791931152
7308,93.791557312
7309,101.731590271
7312,93.0049057007
7313,77.9954681396
7314,93.2039031982
7316,94.2249145508
7319,113.952217102
7321,94.0238342285
7323,93.5603027344
7324,102.316093445
7325,93.0677337646
7328,102.230949402
7330,78.3641967773
7334,93.0677337646
7337,110.87096405
7338,93.9638671875
7339,92.9840545654
7341,92.6709976196
7342,110.866394043
7344,110.792648315
7345,110.052955627
7347,109.861305237
7349,111.191116333
7350,93.3067092896
7353,110.700904846
7355,110.768203735
7356,93.2274856567
7357,110.783317566
7358,94.1577682495
7360,92.6513977051
7363,101.933235168
7364,93.885848999
7366,93.1781082153
7368,93.2653045654
7369,110.335075378
7370,92.6567230225
7373,92.9314422607
7374,109.818939209
7375,93.5757827759
7377,95.8019714355
7379,92.8271636963
7380,114.62159729
7382,110.006828308
7383,93.0089950562
7385,92.9703445435
7386,102.707138062
7391,93.5381774902
7394,109.055664062
7396,110.645446777
7397,93.039894104
7399,95.2110519409
7400,102.769950867
7403,77.9236984253
7405,110.471839905
7408,110.233512878
7414,110.087173462
7416,102.534225464
7417,92.4264373779
7419,92.7095031738
7420,113.04850769
7421,93.2663269043
7422,93.4132080078
7423,102.233856201
7425,78.0467224121
7430,93.114982605
7432,93.4303512573
7433,93.7190322876
7434,109.923400879
7436,109.747497559
7437,92.7885360718
7438,102.488166809
7440,102.332626343
7441,92.9178314209
7442,110.268699646
7445,110.897445679
7446,102.140830994
7448,111.474281311
7450,104.178703308
7451,93.1138305664
7454,111.156280518
7455,93.3922195435
7457,110.269256592
7459,102.116149902
7462,93.1512527466
7464,93.1138305664
7465,112.874053955
7466,93.0507125854
7467,110.030151367
7469,110.623931885
7472,93.1758804321
7473,109.451309204
7479,93.0482940674
7480,102.647895813
7484,109.963195801
7491,92.8959732056
7494,102.504882812
7495,93.0177154541
7501,92.6843338013
7503,92.8082504272
7504,102.623970032
7505,92.7929763794
7508,110.982528687
7509,92.74584198
7510,77.9762268066
7511,110.293403625
7515,93.3192977905
7516,102.719459534
7517,93.3123779297
7518,102.764564514
7519,93.0498504639
7521,93.3879470825
7522,102.457679749
7524,102.885688782
7526,102.730102539
7527,92.9647903442
7528,102.375968933
7529,93.3233032227
7534,111.006752014
7537,110.599220276
7538,93.4145507812
7540,93.0904464722
7541,111.145629883
7545,111.13306427
7551,111.042350769
7553,93.0267181396
7554,102.433105469
7555,93.241607666
7561,111.047348022
7562,93.1661529541
7564,93.0807189941
7565,102.432632446
7566,92.9273529053
7567,111.020141602
7569,102.305343628
7570,93.1239776611
7571,113.277008057
7572,93.2023849487
7574,102.846473694
7578,110.585983276
7579,92.8527069092
7586,92.9012908936
7587,79.2923736572
7590,92.9482879639
7593,109.443733215
7594,93.5557098389
7595,92.9273529053
7600,92.9308242798
7601,78.461227417
7602,92.4520950317
7603,111.049545288
7604,92.7016220093
7606,92.8982086182
7608,110.876708984
7613,77.8967437744
7615,109.977592468
7616,109.619613647
7617,112.627296448
7618,92.8763046265
7619,102.75717926
7622,93.4233703613
7623,102.381019592
7624,93.4624023438
7625,102.381774902
7626,93.0301971436
7627,102.469863892
7628,78.0878143311
7631,102.174758911
7632,102.853729248
7633,92.9722290039
7634,119.010467529
7635,92.8367462158
7636,110.508209229
7637,110.488777161
7639,92.5864105225
7640,77.9309387207
7644,110.681838989
7645,92.5011672974
7648,102.401893616
7649,93.4042510986
7650,110.344528198
7652,112.866470337
7653,92.9792938232
7655,92.931427002
7659,110.731773376
7662,93.425743103
7664,93.1313934326
7666,93.3226318359
7668,93.4317932129
7669,110.651344299
7670,93.3536911011
7672,93.4102249146
7673,110.61492157
7678,92.6940383911
7679,78.1642303467
7680,103.158126831
7683,92.2898178101
7685,114.333076477
7688,93.2756500244
7690,109.597839355
7692,93.1328811646
7693,93.0225372314
7695,110.839523315
7696,93.0948257446
7698,92.8034591675
7699,110.516517639
7702,92.2405166626
7703,110.475639343
7704,93.3415145874
7707,110.27532196
7713,77.9812240601
7715,102.563568115
7717,109.909477234
7718,92.6393890381
7719,102.309959412
7721,111.092536926
7722,93.0497207642
7725,101.06174469
7727,104.227050781
7730,78.2327728271
7733,91.9495620728
7735,101.883010864
7740,109.962493896
7741,109.450614929
7742,92.3140029907
7744,109.769989014
7747,92.7327575684
7750,78.1609649658
7752,110.04763031
7754,109.719390869
7756,102.945159912
7757,92.8775177002
7758,102.339897156
7760,102.535827637
7761,92.5606384277
7763,109.498207092
7765,92.5984649658
7767,109.891586304
7768,92.7103500366
7771,92.7058181763
7773,91.8427734375
7774,110.121124268
7776,102.271102905
7779,92.3055648804
7783,92.1709899902
7786,110.626571655
7787,92.7229537964
7789,92.6003723145
7791,92.7676467896
7793,92.6822814941
7794,109.461303711
7795,92.281036377
7799,77.6155929565
7800,110.022583008
7802,93.017578125
7805,110.374801636
7807,101.789321899
7808,93.0958786011
7811,102.23134613
7817,109.007102966
7818,102.332504272
7819,92.8828353882
7822,92.4600982666
7823,110.17288208
7825,110.189247131
7828,92.3479309082
7832,92.3119659424
7833,77.8168182373
7834,109.570518494
7835,92.7381668091
7837,92.7353973389
7840,92.5777053833
7842,92.758430481
7843,111.156448364
7844,92.4405899048
7846,92.5487747192
7850,92.7601470947
7853,109.906204224
7855,110.90587616
7858,92.9894943237
7863,109.97253418
7865,109.922790527
7866,92.5614471436
7868,91.8390426636
7869,110.034057617
7871,77.7872924805
7872,101.257987976
7874,101.869544983
7877,110.049240112
7878,92.0936737061
7879,109.751190186
7881,92.3116607666
7883,92.5874328613
7885,101.593711853
7886,92.6701431274
7889,92.8905715942
7890,102.897888184
7891,92.5341491699
7893,92.5601196289
7894,101.577308655
7896,109.756645203
7898,101.698783875
7901,92.6496124268
7902,109.119483948
7904,110.515533447
7905,92.6829223633
7906,117.993835449
7909,92.8931121826
7910,101.835990906
7913,92.7403335571
7918,109.496818542
7919,91.9210281372
7923,91.7692260742
7925,92.5398330688
7927,91.9331665039
7930,92.8707962036
7932,92.7601089478
7933,92.0449905396
7935,92.5845565796
7939,102.176963806
7942,92.1916732788
7943,110.260932922
7945,101.929359436
7946,92.7419891357
7948,93.1900253296
7949,108.813194275
7950,92.3611068726
7951,109.853851318
7955,101.726669312
7959,92.8271255493
7960,109.924751282
7961,93.7407608032
7962,102.328643799
7964,102.195228577
7965,93.0132751465
7966,109.914550781
7967,105.409011841
7968,92.7177963257
7971,102.572044373
7974,91.9210281372
7976,109.99319458
7978,109.694465637
7982,109.924751282
7983,92.8382568359
7984,102.219497681
7986,92.1590042114
7989,108.813194275
7991,109.119483948
7992,109.69506073
7993,92.5834350586
7994,109.875915527
7995,92.3093566895
7997,92.033782959
7998,102.219497681
7999,108.978538513
8002,92.0815734863
8007,92.4516906738
8009,92.9895629883
8011,92.5205612183
8013,93.4504089355
8015,102.217559814
8017,110.602493286
8019,113.535491943
8023,92.6554412842
8024,110.309059143
8026,109.990722656
8027,92.1643676758
8029,92.9428787231
8030,110.234985352
8031,92.5264587402
8033,93.2279129028
8035,92.6005554199
8036,102.704986572
8039,102.805473328
8042,93.0713500977
8044,92.5471191406
8046,77.7818908691
8048,110.281356812
8049,92.6033401489
8050,101.899032593
8053,92.6863632202
8054,92.8054351807
8059,92.2842178345
8061,92.9046859741
8062,109.418251038
8064,109.659111023
8066,102.27040863
8067,92.7149200439
8068,92.3153839111
8070,92.6705856323
8071,110.089447021
8072,92.390083313
8076,91.9833145142
8080,91.9384841919
8081,110.176490784
8084,102.275856018
8087,109.625511169
8089,91.7893447876
8090,113.978744507
8091,102.002304077
8094,112.379364014
8100,92.0735778809
8101,92.9882202148
8110,92.6051483154
8111,109.119483948
8112,92.6833648682
8115,109.964675903
8116,93.0417861938
8118,109.659111023
8121,113.98941803
8125,110.043266296
8127,110.016624451
8128,92.7243804932
8129,109.134025574
8131,92.780670166
8138,92.6705169678
8139,101.810791016
8140,92.3023376465
8141,91.8269577026
8142,109.760475159
8143,109.458129883
8145,110.048950195
8146,92.7693328857
8148,109.308166504
8153,110.196052551
8154,91.6574630737
8155,110.297195435
8161,92.571144104
8162,110.073829651
8163,92.3485336304
8166,109.802963257
8168,110.346687317
8170,92.3381347656
8172,109.020980835
8173,91.8207092285
8176,101.856452942
8179,92.1918945312
8181,93.5874938965
8182,113.345306396
8184,109.780105591
8190,102.42980957
8191,92.8087387085
8194,109.551193237
8196,109.951499939
8198,110.061004639
8199,110.065750122
8201,109.91053009
8202,92.3289413452
8207,92.9586791992
8208,108.997093201
8211,110.191642761
8214,109.491584778
8217,92.5966033936
8218,109.462791443
8222,92.4096221924
8229,102.413856506
8231,92.2718658447
8233,92.8384933472
8236,92.5956115723
8238,110.543128967
8240,101.43800354
8243,102.99079895
8246,110.190635681
8250,92.3307647705
8254,93.5332183838
8256,77.4815139771
8257,109.163673401
8258,92.0720367432
8260,96.0716934204
8261,109.509880066
8263,113.210708618
8264,92.5455780029
8267,110.042747498
8268,92.1316680908
8271,92.6144256592
8272,108.986244202
8275,92.858505249
8276,93.6868972778
8277,108.553260803
8278,113.61113739
8279,91.6866073608
8280,109.266601562
8281,92.7884750366
8282,109.153404236
8287,110.105079651
8288,91.6061706543
8289,111.137527466
8294,92.1448516846
8296,92.1360015869
8299,109.313049316
8302,102.158905029
8308,109.977615356
8314,102.323707581
8315,93.0972671509
8316,109.705062866
8317,93.6136627197
8319,109.951576233
8320,92.2342681885
8321,113.62538147
8323,92.3984985352
8325,92.7213287354
8326,110.165397644
8328,108.994338989
8330,110.11605072
8331,92.4876480103
8332,112.360374451
8334,92.6382904053
8338,92.4393463135
8339,92.583946228
8341,91.7228546143
8345,110.087471008
8346,93.4337539673
8347,102.416175842
8349,93.5421676636
8351,92.6940002441
8352,110.289642334
8353,108.994338989
8355,110.591239929
8358,109.013374329
8359,109.751342773
8360,92.6401062012
8361,109.420845032
8363,102.458427429
8364,92.5422515869
8365,92.7799835205
8366,102.130470276
8370,109.490875244
8372,92.5021820068
8376,92.9744338989
8377,109.738105774
8379,109.444999695
8380,92.5732650757
8381,109.988670349
8386,92.7839355469
8388,101.495941162
8389,92.4859466553
8391,110.174415588
8394,93.5332183838
8396,102.788772583
8398,101.340118408
8400,110.420448303
8401,92.4956054688
8404,91.7228546143
8407,93.6875839233
8408,110.377487183
8409,109.018829346
8410,102.854232788
8411,93.0628814697
8413,93.4648284912
8414,109.767189026
8416,93.0150146484
