ID,y
1,79.4536270207
2,94.6142884629
3,79.478614445
4,79.4518902909
5,113.161408424
8,94.2010192444
10,112.366748899
11,94.5839410208
12,115.618985825
14,94.7753809296
15,115.443138381
16,104.435715406
17,96.2118632419
19,94.6377432376
20,105.90302259
21,96.3257148578
22,115.848586431
23,96.3251559553
26,95.1653657356
28,95.2291133046
29,96.3251559553
33,96.3251559553
35,95.0862384224
41,96.1994103822
42,94.6508316417
43,115.71799157
45,103.303878932
46,103.626531438
51,94.2600733953
53,79.2811545307
55,113.043082241
56,94.2601571971
57,103.380721512
58,95.0949541347
59,103.889083227
63,112.603949964
64,94.6926058831
65,105.975554634
69,95.4447163949
71,94.8447140651
72,104.115679181
73,94.4876148579
76,103.982054284
77,104.411109101
78,115.64573683
82,94.2834138198
83,105.975554634
84,94.2557114882
85,103.9912661
87,112.575882647
88,96.1994103822
89,113.809740223
91,94.3906793312
93,94.8144933418
94,105.359732941
95,94.5284564849
96,111.623880186
97,94.5934650445
98,112.339758397
99,94.6060491289
101,104.102522478
103,113.809740223
104,94.1143347167
105,111.931407315
110,94.4450091922
111,112.907942702
113,112.89341552
114,94.1720646405
115,115.697920476
117,113.809740223
120,94.7242119297
121,111.952699695
122,94.9082180844
123,111.909141387
126,112.624425984
132,111.832917245
135,104.330842325
137,104.60712332
138,94.5270510948
140,94.2601571971
142,114.040325726
144,112.889862576
148,94.6668947532
149,114.280585608
155,94.2298962658
156,112.850190279
157,94.5934650445
162,112.358337603
163,95.0454715287
167,94.7337673802
172,115.71799157
179,112.728293016
180,95.2927412667
181,112.092557225
182,94.7369486503
183,113.809740223
185,113.809740223
187,111.990424417
188,94.2834138198
189,94.3805283861
191,94.3392398091
192,114.613193395
193,94.606290724
194,112.411925063
195,94.2020128052
196,112.801508954
198,95.372436954
199,112.601476686
201,105.587272434
204,94.5270510948
205,104.483878782
206,94.2633271061
210,94.2557114882
211,104.102522478
216,112.528494271
219,115.618985825
220,94.503588343
221,112.140887449
226,112.092557225
227,94.325318968
228,112.575882647
230,112.534197532
231,94.5934650445
235,115.836133571
236,94.2557952899
238,112.566769961
242,104.25447118
243,94.4075052466
244,79.2868571673
245,111.696458107
247,112.903449586
248,94.50030801
249,94.6458085756
250,111.521758022
251,94.2557952899
253,115.836133571
254,94.4899370328
256,94.588302928
257,94.6487123952
258,111.893603862
259,94.3844873328
262,79.2911546685
266,94.1611335772
267,112.023645265
272,104.213902408
273,113.809740223
275,94.9765971699
276,114.457418094
279,95.0274492624
280,106.008780806
283,94.4023618474
285,112.391988097
288,113.809740223
289,94.8172916669
290,104.515885124
291,94.4832529507
292,111.518386252
293,112.201666975
296,95.1303443317
297,111.720551078
298,115.64573683
299,94.2834138198
304,94.2733979957
305,91.2449565955
306,94.1633499379
307,111.891489357
311,106.037957728
313,112.092557225
314,94.1232960661
316,94.6815613864
324,94.5556943033
327,95.5471039466
329,94.0003293016
330,112.390179496
337,103.657843756
338,94.5934752507
339,104.422050361
340,94.6703636568
343,94.2242935702
345,115.430685521
346,94.5832299115
347,111.96477098
349,112.080665351
350,94.1994594041
352,112.926065541
353,94.0554290186
354,79.2751908257
357,94.2600733953
358,112.827732921
362,112.861828098
364,118.404699675
365,103.983020488
366,94.7572659151
367,112.260655157
368,94.5270510948
370,79.3214253392
373,95.5344908115
377,94.1116983465
378,112.136335465
382,103.982054284
384,112.575882647
390,94.5579851027
392,112.138706896
393,111.786171566
395,94.7966653441
396,104.580709977
399,79.2994017198
406,112.092557225
408,112.092557225
409,94.1577478987
410,79.368317592
412,112.401574572
413,93.9410630957
419,94.2112444346
420,112.667857659
421,94.0243197791
430,105.435972626
434,94.2600733953
436,94.5863828264
437,94.2601571971
438,94.0982139413
439,112.592364
440,94.2726212054
443,113.080195886
446,94.5270510948
448,94.5138271945
452,94.74742926
453,103.468832742
457,105.296462507
458,94.2600733953
459,114.884373366
460,104.100500686
462,104.413451014
464,104.462054894
465,115.618985825
467,115.965809869
471,112.54775523
472,79.3549901193
473,94.3385819662
475,94.5270510948
480,94.4556506395
488,111.993854013
490,111.891489357
491,104.124268045
492,79.3489574635
493,94.2600733953
497,94.4866822435
498,112.612360468
499,94.9829540117
500,103.415129867
501,94.2600733953
502,112.226859975
506,79.2896595923
510,112.343751328
511,94.0638443291
512,94.0003293016
516,94.5834949532
518,94.1116983465
519,111.679948922
521,94.4632885532
522,112.682854709
526,112.479506611
529,94.2369574486
532,111.521758022
533,94.2224277452
536,112.348559641
537,105.253949676
539,94.4876148579
540,104.174454083
541,94.7206617664
543,94.3805283861
546,112.58446244
547,94.2557952899
548,79.3495377007
551,94.3805283861
552,104.099296703
556,104.371564038
557,95.0354340295
558,112.260655157
559,94.5270510948
560,104.473988429
562,104.468499034
566,94.9744489501
570,112.612360468
571,94.2601571971
572,106.008780806
573,94.2834138198
575,115.618985825
576,112.743125152
577,94.5002941731
579,94.13161692
580,111.864597183
581,111.757674283
589,111.891489357
591,103.356719766
593,94.583691106
594,103.357685969
595,94.7045300071
598,94.3805283861
602,112.302988325
604,112.231411287
606,113.519988099
608,94.6252903779
609,104.154069161
610,94.2600733953
616,111.947974964
617,95.0727965912
618,103.982054284
620,104.124268045
622,113.466842488
623,94.0243197791
624,113.967408945
626,112.13291543
628,111.714160966
629,94.1806535038
630,112.572473222
637,94.6252903779
638,104.051076558
643,95.3935631557
645,94.4556506395
646,116.985035777
648,95.1215979829
652,94.9744489501
653,94.2601571971
654,112.612360468
656,112.8693645
657,94.9038086103
659,94.2486525933
660,104.360579813
663,94.3494972358
664,112.657875215
666,104.257354057
668,111.668417439
669,94.1905795924
671,95.1393015832
675,94.4857513571
677,94.4833367524
678,112.232359685
679,104.917289215
682,95.0130415543
685,103.567107176
687,94.5369258085
688,94.2988156269
693,112.12406812
696,95.3806823404
698,94.9281306348
701,95.204606779
704,104.400111459
705,115.899915206
709,112.615906121
710,94.2829661399
711,103.725292143
712,94.4556506395
714,111.737082335
715,94.422770704
716,111.903942216
717,94.2100328264
720,115.545995354
721,94.4493528077
724,103.301439818
725,94.4710272146
726,111.862250066
728,112.447769461
731,94.5050634399
734,104.275978219
738,94.4582905511
745,112.442177486
746,94.5306865255
751,79.4142638713
754,94.4561362649
756,94.5067283805
758,94.3345251086
759,113.763512733
761,115.687658874
766,94.6897088921
767,112.197290744
768,94.0243197791
769,113.38768596
770,94.4718690464
771,79.3971022136
772,105.412014648
773,94.3805283861
774,111.871732353
776,112.684073894
777,94.6479743592
780,115.73044443
782,104.285287635
787,103.407848312
788,94.5000677176
792,94.3063944166
793,112.490214614
798,95.3860880063
800,94.413388937
806,111.903942216
809,112.689777155
811,113.177225802
812,94.00874243
814,115.631438684
816,104.15263455
817,94.5395039544
818,105.96206083
820,112.360948777
823,94.2600733953
829,94.1698231589
830,111.860834232
831,94.0243197791
834,111.763855626
839,94.5968917914
841,79.5334383737
844,104.209332498
845,94.272526255
848,94.3904681549
850,94.3676821543
851,104.256798079
852,94.2412326621
854,94.2278981944
855,94.9997687786
856,103.401132116
859,104.186808607
861,111.871732353
864,94.3523324077
865,111.871732353
866,94.5399756198
867,94.3088022608
869,94.9788108573
871,94.1650818645
872,111.891489357
882,103.177701592
883,94.272526255
885,94.6352423414
888,95.3534206933
893,111.913234924
901,112.278582683
903,104.235101596
904,95.0591440969
905,104.155846899
910,95.0720948675
911,111.741155301
914,112.555933373
918,113.17962004
921,94.3155220342
928,94.3342938726
929,104.19777136
932,94.2811151184
933,104.706898615
934,95.0720948675
935,112.32529626
937,79.4714932736
939,94.7273780237
940,103.362138503
941,94.3448523439
942,103.505138927
943,94.9632819407
944,104.61024648
947,111.891489357
949,112.070974401
951,111.456687795
952,94.9091816888
953,104.235101596
954,79.2320582441
957,112.59692437
959,94.0783871838
960,116.512578713
963,115.631438684
965,111.891489357
967,104.423193907
971,94.568464577
972,79.4360877047
973,94.726137039
974,112.588335507
975,94.6957279311
978,115.445346755
980,112.527574821
981,95.041700776
984,112.171414689
986,95.0720948675
988,94.0507159416
989,112.620543932
990,103.729133272
992,112.278582683
996,94.5809826698
999,112.606997791
1000,94.3316353088
1001,111.871732353
1002,94.0507159416
1003,112.588335507
1004,94.0783871838
1008,111.656686732
1009,94.2000684765
1010,106.033399918
1012,116.527495766
1013,94.5070211094
1014,112.988657313
1015,94.1650818645
1016,115.819846664
1019,94.1188832386
1020,112.341168789
1021,95.0720948675
1022,104.333180158
1024,95.0720948675
1025,79.3900250746
1027,95.067719238
1028,105.195878669
1029,94.3109720755
1030,94.9204893162
1033,112.893726573
1036,95.2309399127
1037,112.309115028
1038,94.6283263386
1042,94.7392314134
1043,104.195123603
1044,94.3567057336
1045,111.656686732
1047,116.678488373
1050,94.4187779384
1051,111.891489357
1054,94.2983229476
1056,95.0535541657
1057,94.3641857974
1059,94.7486907849
1062,104.963679702
1063,104.288974992
1064,95.0535541657
1066,94.2957090575
1070,104.832664398
1076,111.664424698
1077,105.77946378
1078,112.61954592
1080,112.55569115
1082,110.81612335
1083,95.6068323901
1089,113.824843166
1091,95.4918491255
1093,94.6446413543
1097,95.1798594789
1099,94.2793612602
1101,95.0964011168
1103,94.7511409932
1104,112.442079189
1106,111.361787765
1109,94.729924327
1110,112.332662611
1111,95.2495948846
1112,112.577583959
1114,94.472377044
1116,94.371880291
1117,112.631148435
1120,94.5120272825
1124,112.703629815
1125,94.20677711
1126,112.564608361
1134,112.063284797
1137,94.6704574707
1138,112.500520375
1144,111.903942216
1145,94.8983113648
1146,94.3525906112
1148,94.7511409932
1150,94.5839776783
1152,104.209332498
1153,94.8025138873
1154,104.149196951
1155,94.3801760757
1157,94.2227068867
1162,94.7516842731
1165,112.709667932
1166,94.6204420685
1167,104.366463474
1168,95.0964011168
1169,104.197534609
1171,115.951443404
1172,94.5851104412
1173,104.197534609
1174,94.4896135841
1176,95.1301712551
1177,104.208898757
1178,94.3448500403
1182,112.684073894
1186,94.573240899
1187,112.952633508
1188,94.7241822296
1189,115.73044443
1191,105.637205693
1192,94.3801760757
1197,112.179999043
1198,94.1237854265
1200,79.4630102387
1201,94.9522528449
1203,95.046531447
1209,115.727177071
1214,104.592382451
1218,111.923415866
1222,94.6870669381
1226,95.3003188357
1228,94.7025027973
1230,94.2686255955
1232,79.4479410943
1233,96.1529068707
1236,116.679133554
1238,94.4653050311
1241,111.903942216
1244,104.485250099
1246,94.6788326436
1247,111.725002473
1250,112.015961722
1251,94.20677711
1254,113.819619904
1255,94.3797236474
1256,111.065724626
1257,94.2186538646
1258,94.4564105632
1259,111.903942216
1260,94.7478598051
1263,112.153340309
1267,79.5318670916
1268,111.772605976
1271,94.3801760757
1272,111.925687783
1274,104.222598833
1275,94.3691585932
1276,111.903942216
1277,94.6436633445
1279,94.2549304722
1281,94.726796357
1282,94.7300533699
1283,112.756023544
1285,112.771909249
1286,94.5203146719
1289,112.415596453
1296,112.477259984
1299,94.548285788
1301,94.6052889192
1306,94.2281933003
1307,94.3448500403
1308,94.6801289062
1313,111.903942216
1314,94.799984296
1315,112.332662611
1316,94.247475907
1317,111.913234924
1319,94.2112725931
1323,94.573240899
1324,104.695066669
1325,94.6849352662
1328,104.584875277
1329,94.9461101306
1330,111.871732353
1331,94.673079573
1332,104.249114247
1337,94.9494321469
1338,111.954560937
1339,94.5292093476
1340,112.519799676
1343,113.819619904
1347,104.678014342
1348,94.337920412
1349,105.316659901
1352,94.3525906112
1354,95.1301712551
1359,113.037594857
1360,95.1301712551
1363,112.014584264
1364,95.4233723856
1365,103.640194072
1366,94.3910730383
1372,94.7360178341
1375,104.024920891
1376,94.4648969802
1378,94.3726682865
1379,111.488078779
1380,95.1301712551
1381,103.882763288
1384,111.895213649
1387,94.6065268865
1388,112.458436529
1392,79.4280890859
1394,103.433987911
1395,94.7835963445
1396,112.014584264
1398,94.3879509228
1399,112.014584264
1400,94.9501111547
1401,94.5421467462
1403,94.3879509228
1404,110.541201464
1406,112.014584264
1407,94.4648969802
1408,112.194229034
1410,79.5485451595
1412,111.999957284
1413,94.7403797413
1415,94.895722683
1420,112.194229034
1422,111.957186004
1423,110.596982621
1424,112.194229034
1425,94.7403797413
1426,79.5485451595
1427,95.1547226936
1429,94.1931138536
1430,112.846683381
1431,95.1301712551
1432,104.263136667
1434,112.51095849
1437,94.4648969802
1438,104.298752626
1440,112.777486123
1441,112.453514517
1442,94.453041287
1444,111.763700028
1445,94.895722683
1446,104.180335023
1448,94.2600721087
1453,94.3955475054
1454,111.999957284
1455,94.4759144627
1456,111.346489295
1458,111.999957284
1459,94.4395931051
1461,94.3910730383
1465,94.6065268865
1466,111.798601199
1469,94.6290150141
1472,94.3955475054
1474,94.4148664694
1477,112.823893658
1479,111.805451406
1482,94.4899772538
1483,79.4630102387
1487,95.1521752319
1488,112.658583466
1490,112.735657356
1492,110.927779174
1494,115.873182863
1496,104.461557912
1497,95.0346223064
1499,95.2622615912
1502,94.4648969802
1507,111.962846112
1508,94.3525906112
1509,111.635353854
1511,94.7047779992
1512,111.952537914
1513,114.179170882
1514,103.6238119
1518,112.700555246
1519,94.2313704791
1522,112.484148167
1524,79.4630102387
1527,94.453041287
1529,94.8094291532
1532,103.594605934
1536,112.865947274
1537,115.727177071
1539,105.257074447
1542,112.774597355
1543,94.4648969802
1544,104.095714719
1545,79.4983926591
1550,94.4648969802
1551,112.436266394
1554,104.292539353
1556,104.231881706
1559,94.3319465779
1560,79.4763377114
1562,94.6823943994
1566,94.3083165365
1567,112.73008755
1569,103.596545398
1570,112.694510501
1571,112.152498255
1574,94.3525906112
1578,104.307836843
1580,94.570268381
1583,111.958641229
1584,94.3525906112
1585,112.12111597
1586,94.8967317694
1587,112.684073894
1588,94.2313704791
1590,113.711480318
1592,103.680732654
1596,110.585613744
1598,111.565551359
1599,94.4648969802
1604,113.797164368
1606,103.429210025
1607,94.7403797413
1608,103.517548698
1609,115.951443404
1611,94.4648969802
1613,95.2343520297
1616,94.6343760651
1619,112.131159772
1620,94.1570673943
1621,112.660334227
1622,94.4648969802
1625,112.289177706
1627,115.951443404
1629,112.250092506
1634,95.2141434806
1636,94.4648969802
1638,103.546609891
1639,94.4734858436
1641,95.1767266704
1643,94.7835963445
1644,103.385444085
1645,115.826182817
1646,94.4715525555
1647,104.606650636
1648,95.1762693253
1652,94.570268381
1653,112.709667932
1656,95.2860677971
1658,94.4648969802
1659,112.193906566
1661,94.726796357
1663,94.7403797413
1664,112.341129367
1665,94.4759144627
1666,104.282067745
1667,103.972476857
1668,79.4630102387
1669,103.52971289
1670,94.8455645932
1672,112.709667932
1674,112.988657313
1677,112.594472911
1678,94.5000270213
1679,112.449559198
1680,94.6978094364
1683,104.255357684
1686,103.898467761
1687,111.957186004
1689,112.189524102
1690,94.4876135712
1691,115.545995354
1692,113.046304786
1693,94.3525906112
1695,94.585351971
1696,94.3955475054
1697,112.179279585
1700,104.282067745
1701,95.126087082
1702,112.684073894
1703,94.3154814121
1704,111.851716533
1706,95.2097815734
1707,112.550453452
1708,94.9487278628
1710,95.0708672673
1711,104.288992868
1713,104.846202917
1717,104.29807855
1719,104.307836843
1720,94.4648969802
1722,94.6356304238
1725,103.488762593
1726,94.8411337826
1727,104.456900088
1729,112.443280798
1730,94.2881937435
1731,112.906574065
1733,104.282067745
1734,94.8128934336
1735,111.957186004
1738,95.2343520297
1742,94.4637887838
1745,112.988657313
1747,95.126087082
1749,95.1140431864
1751,95.0450601649
1752,79.4630102387
1753,103.803968772
1754,94.4648969802
1755,94.7403797413
1756,105.296361119
1758,112.116019962
1759,94.4759144627
1760,104.656044012
1761,112.416085096
1762,94.5586432119
1763,111.660908337
1764,90.6935647601
1766,95.2267672437
1768,94.7161804555
1769,79.583007002
1771,112.36026385
1772,94.7489686046
1773,104.605599884
1774,95.4311944599
1775,113.287165404
1777,112.73008755
1779,94.4759144627
1780,106.141443013
1787,94.1897358391
1788,94.3743389932
1790,95.0680780787
1796,112.73008755
1801,94.8150701665
1803,94.7082281055
1807,112.747943623
1809,112.223832103
1812,94.3691585932
1813,112.738611395
1814,94.6563743009
1815,111.958908299
1816,94.7167519636
1818,94.2521472843
1820,94.6315725907
1821,113.720390895
1822,94.8025138873
1825,94.8206412085
1826,104.2730969
1828,94.7635905588
1831,104.423378169
1836,118.91194879
1837,94.4148664694
1841,94.4148664694
1844,103.441374217
1848,94.3743389932
1851,105.257074447
1852,95.6979852385
1853,94.3749294882
1854,112.084618008
1856,94.9735609853
1859,112.443904186
1860,95.0680780787
1861,79.4630102387
1863,105.303923824
1865,94.4648969802
1866,105.333364128
1867,94.8874638982
1868,94.2021886987
1872,94.7931265129
1879,94.6926043401
1880,104.622450942
1882,94.668952913
1885,104.255357684
1887,103.597090747
1888,94.5333865439
1890,114.755430371
1894,95.2343520297
1895,103.597817908
1896,95.389912166
1897,113.157504451
1900,113.189883441
1901,94.3319465779
1902,111.852507389
1905,94.4215469649
1906,111.849521588
1912,104.257650805
1915,95.5137052977
1916,104.904811086
1917,95.0719816611
1918,104.2730969
1920,79.3812578214
1923,94.3474814335
1924,104.542673968
1925,94.8286809229
1930,115.951443404
1932,112.014584264
1933,94.460535073
1934,112.102101569
1935,94.3319465779
1940,79.5485451595
1941,94.3771292003
1942,112.183326376
1943,94.2981968364
1944,94.2607389053
1945,110.596117637
1948,115.888425331
1949,94.2600721087
1952,94.4748062662
1954,94.3525906112
1955,112.194229034
1958,94.6844874137
1959,79.541443365
1960,111.660908337
1963,94.8025138873
1965,95.2405384352
1968,103.644831825
1969,95.4233723856
1971,94.8455645932
1972,112.693770925
1973,94.1707152702
1975,94.1127897817
1977,94.9522528449
1978,94.7167519636
1979,112.077911777
1981,94.1127897817
1982,112.621525811
1987,113.048307456
1988,94.1825709635
1993,95.1016030951
1997,94.7944877107
1999,94.5283133562
2001,95.2343520297
2002,113.15247661
2003,94.3747790917
2004,79.5614014139
2006,112.125506222
2007,95.2514540856
2009,104.971794168
2010,94.6356304238
2013,95.3632538286
2018,79.4685347286
2022,104.291265191
2024,112.285173069
2025,94.8838669898
2026,105.348415384
2030,106.043181478
2031,94.4648969802
2032,104.257650805
2033,94.8871560586
2035,94.2728906859
2036,112.635961239
2037,94.5248768534
2040,95.2343520297
2043,113.104398844
2044,104.379526566
2046,103.390714612
2054,113.92698784
2055,94.7931265129
2056,106.141443013
2059,94.7279049912
2060,94.3319465779
2062,94.6579469682
2063,111.888255003
2066,95.2343520297
2067,111.957186004
2072,94.8452490348
2073,111.618662675
2074,95.0671028068
2075,112.519969046
2076,94.2891656604
2080,94.6993565994
2082,94.3319465779
2085,112.413118422
2087,112.470619511
2091,111.777797064
2092,94.7835963445
2093,106.043782874
2098,94.460535073
2101,111.660908337
2102,94.2521472843
2103,79.5485451595
2105,105.279439394
2106,94.4648969802
2107,112.426897308
2110,94.9522528449
2114,94.7037260053
2115,112.208854407
2117,79.4925579749
2118,94.4277947521
2119,105.015976882
2120,94.9515096028
2122,94.570268381
2123,112.674961208
2126,94.8455645932
2127,103.777351344
2128,94.3191280824
2129,112.650160555
2132,94.9895382732
2135,104.282067745
2138,94.7608381469
2139,115.951443404
2141,111.803741901
2142,94.7502998857
2146,94.7360178341
2151,112.42681475
2157,104.095714719
2159,113.324806177
2162,94.4648969802
2164,115.645059226
2167,94.8351368374
2168,111.51719913
2171,94.3537249094
2173,94.8455645932
2174,104.252886007
2175,94.4148664694
2178,94.6924384428
2180,95.2343520297
2185,112.457573209
2189,94.8311893893
2190,112.156144266
2192,103.488762593
2194,112.690076267
2200,115.292104375
2201,94.7467485664
2203,112.405050962
2204,94.4599594436
2205,111.715718746
2209,112.213259691
2213,103.550431777
2214,94.453041287
2215,113.598637253
2216,94.7467485664
2218,94.3743389932
2219,105.079175953
2220,94.9952021524
2222,94.3183346483
2223,112.068814547
2225,112.174897121
2226,94.9630619253
2230,94.460535073
2233,111.978140671
2234,111.882587873
2235,94.4599594436
2236,79.4547002307
2237,94.6702801599
2240,112.542133851
2241,94.6315725907
2248,103.902446188
2249,94.7579391651
2250,112.528877757
2252,111.751119585
2253,94.7413814812
2254,112.577073892
2256,79.547826997
2258,94.2686609721
2259,112.877277684
2262,95.2343520297
2265,94.6924384428
2266,104.443210672
2269,94.460535073
2271,95.0876294287
2273,94.4230809639
2274,112.539660188
2275,94.7946898649
2277,94.4648969802
2279,94.4599594436
2280,79.5344995244
2282,95.2343520297
2283,104.298234221
2288,94.2313704791
2289,111.725076734
2291,95.0117595509
2292,116.124793629
2297,94.9952021524
2298,104.296730834
2299,94.7489686046
2300,112.420911503
2301,94.2964307956
2304,94.7931265129
2305,104.39971389
2306,95.2343520297
2308,94.3973569071
2309,112.483812767
2311,94.9037161885
2312,104.334730803
2316,104.055303803
2321,104.288992868
2322,111.886044621
2325,103.604283364
2326,94.6611268784
2329,116.124793629
2330,94.4648969802
2331,104.243915163
2332,111.782026175
2333,95.2343520297
2334,103.537473982
2335,111.058052795
2337,111.883922123
2338,94.811342033
2340,111.782026175
2342,95.8027389897
2345,94.3893295512
2349,96.4587441546
2351,79.4608628278
2352,94.9193322746
2354,111.606555678
2355,114.574394885
2357,112.174897121
2358,94.4478324332
2360,94.9020195338
2361,111.606555678
2364,94.453041287
2366,94.9630399663
2369,103.402240046
2370,94.7403797413
2371,111.782026175
2373,113.655169699
2374,94.3964202404
2376,112.684073894
2378,110.778279927
2382,95.0876294287
2383,94.7008978191
2386,103.799682184
2387,95.3376394972
2389,94.3862802161
2390,111.712535027
2392,94.4037072748
2398,111.782026175
2399,94.996278332
2400,94.8452490348
2401,112.278425371
2402,94.4648969802
2404,94.6636329723
2407,111.692956471
2408,113.18551444
2409,112.727553093
2412,79.4756591035
2413,95.2047941582
2415,94.8127328587
2420,111.469494354
2422,94.726796357
2423,103.532430308
2426,95.1366469068
2432,94.585351971
2434,94.2763380503
2435,94.5336361543
2436,112.796594759
2438,110.840248176
2440,112.151908448
2443,94.460535073
2444,94.3298532905
2447,103.902446188
2450,94.6634336839
2454,94.4223266753
2455,112.798498443
2459,95.2343520297
2460,112.850309857
2463,94.4637887838
2465,94.548857689
2468,79.5527149387
2469,94.4724392307
2474,94.3726682865
2478,94.3879509228
2480,94.5732987669
2481,112.542133851
2489,95.2343520297
2490,106.088005756
2492,94.3319465779
2496,95.2343520297
2497,112.374974363
2500,95.0192962459
2505,95.2343520297
2507,94.3537249094
2508,111.710537714
2509,95.1119395295
2510,79.4741569201
2513,94.2385353547
2515,95.2343520297
2518,94.7008978191
2519,112.28528089
2520,94.7008978191
2521,112.67844463
2523,111.950733224
2525,94.4734858436
2529,111.710537714
2530,94.484294924
2533,112.42898286
2535,94.2600721087
2538,104.519760992
2544,110.655648449
2553,112.555482702
2556,94.3839081627
2558,94.3154814121
2559,115.475795206
2560,94.4648969802
2561,112.659579236
2562,94.4031061315
2563,112.506536527
2564,94.2763380503
2565,111.919141868
2567,104.219344021
2572,94.4648969802
2575,94.8841820596
2576,113.956177315
2577,94.7145097487
2578,94.785288514
2579,112.201216067
2580,94.2814054188
2582,112.989147243
2583,94.6684951352
2587,94.7744768912
2589,112.469746185
2590,94.4154313968
2591,111.710537714
2594,94.3590803349
2597,94.7403797413
2598,104.297843142
2599,94.7931265129
2600,103.636595666
2602,111.52447371
2603,94.4648969802
2604,104.32922527
2606,112.474237272
2607,79.4547002307
2608,94.8452490348
2613,111.710537714
2614,94.7141155934
2615,111.899366166
2617,112.9996976
2620,94.6065268865
2623,113.914424359
2624,94.7059558239
2627,111.710537714
2629,79.4547002307
2630,94.3764853087
2632,94.9952021524
2636,94.7541803309
2639,94.4691239364
2640,105.237347541
2642,111.710537714
2644,104.073192315
2646,111.391939456
2647,94.7541803309
2649,94.6838920895
2650,105.059389234
2652,104.073192315
2653,103.436483091
2655,105.123126468
2657,111.767345963
2659,111.99960602
2662,94.7008978191
2663,112.542133851
2664,94.6880765356
2665,103.015961919
2670,94.9950724053
2671,103.223834669
2672,94.7161804555
2675,104.073192315
2677,112.096347175
2679,111.702702065
2683,112.562880529
2684,94.7167519636
2685,94.4029287316
2688,103.916574536
2689,95.1448203543
2690,104.286461346
2693,94.9896659118
2694,113.001795309
2697,96.8209012481
2699,95.0442196305
2703,94.2981968364
2705,104.043570242
2709,79.4933363619
2710,94.4115175949
2711,113.158034386
2712,94.2623402338
2713,94.7403797413
2714,112.671892313
2715,94.2677491869
2717,94.2385353547
2718,111.577296948
2720,112.775271142
2721,94.9522528449
2726,95.0571704011
2728,94.4648969802
2731,103.232545895
2732,111.721053795
2734,94.401782881
2736,104.048775375
2737,94.3910730383
2738,103.22353595
2739,113.231017015
2746,94.3743389932
2749,103.294514144
2751,116.239072377
2752,104.350821834
2753,94.4648969802
2757,104.459093384
2758,95.0597008494
2759,111.73991613
2760,94.7650590593
2762,112.053363606
2764,95.1480871842
2765,111.392371521
2769,112.072958444
2771,111.591453186
2774,94.6362216137
2776,94.6598807332
2777,119.020308589
2778,94.3319465779
2779,112.744785696
2782,94.2521472843
2784,94.9630619253
2787,94.4713441534
2789,94.8455645932
2792,94.7781236384
2798,94.6634336839
2799,104.044010578
2800,94.9522528449
2801,79.4741569201
2802,94.2607361476
2804,94.3835890156
2807,103.431318642
2808,94.7360178341
2809,113.415271626
2811,115.775494302
2812,94.7161804555
2814,94.2385353547
2816,94.883776105
2817,112.771404808
2818,113.092032535
2820,112.13150011
2821,79.4900826511
2822,94.9802243437
2823,104.062992303
2824,94.9522528449
2826,94.7000300815
2829,94.3319465779
2834,94.7770878533
2835,79.410437144
2838,94.7403797413
2839,112.484122167
2840,94.3290933417
2841,111.698083321
2842,95.2343520297
2846,112.599027537
2848,95.1452357702
2849,94.2838318363
2850,112.671892313
2851,94.4648969802
2853,94.7444967419
2854,111.710537714
2858,112.065437882
2861,94.9731629869
2864,94.3319465779
2865,112.553733933
2866,111.719385271
2867,94.2814054188
2868,112.749689256
2870,112.01917726
2877,94.6965823194
2878,111.710537714
2880,112.654468669
2882,79.4547002307
2883,95.180922089
2884,104.406552083
2885,94.8237396826
2887,95.2343520297
2888,111.003491542
2889,94.7403797413
2890,103.971459593
2891,94.9037161885
2892,115.873447086
2893,94.5859771592
2898,112.758465148
2899,94.4726387082
2900,112.862512235
2901,94.965586366
2909,94.9952021524
2910,112.972628675
2911,112.049154683
2913,112.583856139
2914,95.40174086
2918,94.304229768
2919,112.111789074
2920,94.7977105288
2921,111.710537714
2922,94.8697892347
2923,103.32122877
2925,111.87980458
2926,94.2814054188
2927,112.183110073
2929,112.685577002
2933,94.7844990527
2934,112.753170593
2936,111.443501698
2941,104.096904576
2942,94.4115175949
2943,112.524681943
2945,104.367245948
2950,94.3714622425
2951,111.725088532
2953,113.406220725
2954,94.7608381469
2955,103.590806754
2956,95.2204513363
2960,95.0876294287
2962,94.4632635804
2963,104.058738979
2964,103.971459593
2966,79.5344995244
2967,94.7059558239
2968,112.490379031
2969,94.1252426413
2971,94.2600721087
2972,94.9952021524
2974,94.565719925
2975,111.759395679
2977,116.286072423
2980,112.212322293
2981,94.4513705802
2983,94.7403797413
2984,103.713413681
2985,115.96781404
2986,104.370353383
2987,94.9952021524
2989,94.3016185201
2990,112.366332392
2991,94.7392990222
2992,79.5527149387
2995,96.8209012481
2996,103.302872106
3002,111.495260015
3004,112.435063685
3005,115.778216229
3006,94.9811115281
3010,94.5579607197
3011,103.434937521
3014,94.1837452798
3015,94.6315725907
3016,94.4648969802
3017,112.369225282
3018,94.3370181661
3021,103.28762513
3024,104.098961414
3028,94.3016185201
3030,94.3319465779
3032,94.9478909377
3039,95.2329390865
3040,105.137229117
3041,95.1939688015
3043,94.7444967419
3044,112.659982964
3046,112.113170106
3055,94.2521472843
3056,112.86846882
3058,94.3992380412
3059,111.541548429
3061,115.873447086
3063,104.197377181
3066,94.8455645932
3067,104.098961414
3068,79.5344995244
3069,94.9522528449
3072,114.195541517
3073,112.694689688
3074,95.2299760655
3077,95.2901575785
3082,94.965949129
3084,96.8209012481
3085,112.049657449
3088,104.073192315
3091,94.6475184338
3092,112.246471285
3093,95.1295759157
3094,103.232545895
3096,112.087123324
3097,94.2881937435
3098,79.4680277034
3102,115.732684772
3106,94.6999669327
3109,94.2607361476
3111,94.2194371701
3112,115.778216229
3113,94.9522528449
3115,94.8452490348
3116,111.855044127
3117,94.759777685
3121,112.999319946
3122,94.7323955355
3123,94.7884436726
3124,105.585468423
3125,94.4648969802
3126,102.953993671
3127,115.53101711
3129,94.2964307956
3130,112.200119745
3132,104.716030456
3134,106.51985314
3135,95.3046804081
3137,79.5530914059
3138,94.7606971521
3140,96.3075442589
3144,111.883621929
3145,95.1537663896
3146,111.894381622
3147,94.7608381469
3148,103.96287073
3149,103.392619519
3150,112.78629708
3151,94.2981968364
3152,94.7835963445
3155,96.2630198694
3156,112.671892313
3159,94.1252426413
3161,94.5296482761
3162,104.947320684
3163,95.0571704011
3165,103.442675487
3172,94.6065268865
3173,113.595402936
3176,94.7525563941
3177,104.267241031
3179,111.759395679
3183,94.7031228751
3186,94.472289476
3187,102.973898643
3189,111.398511227
3190,94.4478324332
3192,115.53101711
3193,94.6065268865
3194,112.717647402
3197,94.4648969802
3198,94.4648969802
3200,94.9505821381
3201,115.973388714
3202,94.4648969802
3204,95.2343520297
3205,94.2752286114
3206,112.721490947
3208,103.442906839
3210,103.108318288
3211,94.8874638982
3212,115.873447086
3213,94.7039925137
3214,111.722047559
3216,103.971459593
3219,94.3066685676
3220,110.732611324
3221,94.9522528449
3226,106.251589003
3227,95.2117318234
3228,113.084474858
3229,94.8224426383
3232,79.5527149387
3233,94.900539945
3234,94.7931265129
3236,94.7360178341
3238,111.607905539
3239,111.878131244
3240,94.3451360461
3247,112.660670864
3249,104.205115147
3252,116.874802657
3253,94.7864530125
3254,104.048054822
3255,94.4715525555
3256,111.691285694
3257,94.3976069148
3262,94.4029287316
3263,104.073192315
3264,95.12802406
3266,113.295489855
3267,94.7311582642
3269,94.4650628776
3272,115.96781404
3274,94.4648969802
3275,104.633846291
3277,94.7608381469
3279,95.0227408507
3280,105.05665242
3283,94.8363145708
3285,95.2343520297
3287,94.8328405391
3288,104.098961414
3290,104.531581798
3291,94.6702801599
3298,112.402886846
3299,94.453041287
3302,111.819223849
3303,95.1869082824
3304,104.604837839
3307,94.2331417802
3309,94.2169954707
3314,79.547826997
3316,112.984602286
3317,95.1452357702
3319,94.7096161463
3320,111.856467641
3321,94.4358860799
3322,103.395525945
3324,94.2599006945
3326,94.4648657862
3329,112.102894596
3330,94.2763380503
3331,112.098169635
3335,115.873447086
3337,94.6740495854
3338,104.077352383
3339,95.0488488334
3340,112.174545858
3341,94.3573613568
3343,94.7118363865
3346,94.1712924201
3348,94.4430104139
3351,104.098961414
3352,115.96781404
3355,94.1897358391
3356,112.22671427
3358,104.427494414
3359,95.6979852385
3360,111.95651571
3371,111.934317198
3372,94.9522528449
3374,95.2171845064
3377,113.826510115
3378,94.1056249061
3380,104.459836087
3382,94.9570701069
3386,94.3691585932
3389,112.906725363
3391,103.31107474
3393,94.6843803962
3394,103.387669969
3395,94.8590823265
3397,111.722896056
3398,95.1052885117
3399,79.6392541244
3400,95.1497705122
3404,104.0324828
3407,112.353229832
3409,105.253124183
3419,94.7608381469
3421,94.3993096579
3425,94.8455645932
3427,79.4782269578
3428,115.96781404
3429,112.748672054
3431,94.4072701921
3435,94.2922125358
3436,112.211897694
3439,95.000522614
3441,94.7525495652
3442,115.96781404
3443,94.3691585932
3444,103.44463765
3445,94.4648969802
3446,110.61758828
3449,94.3319465779
3453,94.3661117178
3457,94.9478909377
3460,104.048775375
3461,95.0118157666
3462,94.3955475054
3464,104.197377181
3465,79.5344995244
3466,94.9639624624
3467,104.197377181
3468,94.7360178341
3469,104.105978827
3470,103.170751761
3472,111.806038392
3473,94.5425013151
3475,94.3736840144
3476,112.415245189
3478,104.991460403
3479,94.4528920856
3483,94.6552447968
3484,104.0324828
3485,95.4065511808
3487,94.3780459216
3488,112.431990177
3496,112.554720507
3497,94.460535073
3499,95.0876294287
3500,79.4547002307
3501,94.775990813
3504,94.3699453313
3508,105.847226849
3511,94.6951980506
3512,112.629747843
3515,94.4876135712
3517,94.4648969802
3518,103.358557634
3526,111.400290515
3528,116.420902796
3529,94.2875297046
3530,112.264005992
3531,94.2518378142
3532,111.755521579
3533,94.7526113366
3534,94.9522528449
3535,79.4547002307
3536,94.8438938864
3537,112.469169923
3538,94.5623947255
3539,112.940366645
3540,104.243258116
3545,112.276305224
3546,94.1127897817
3550,104.03541003
3551,94.6841710908
3553,94.966019584
3554,104.048775375
3557,94.5745417729
3558,112.559973253
3559,94.2186538646
3561,94.7659564709
3562,111.722896056
3563,95.2072433311
3564,104.098961414
3565,94.4648969802
3567,94.3494979533
3571,104.098961414
3572,94.7403797413
3574,94.8649717402
3576,94.3066752228
3577,112.353229832
3578,94.775990813
3579,94.3066752228
3583,94.7489824536
3585,95.0609376606
3586,104.255957897
3587,112.715109306
3593,94.9630619253
3594,111.542272317
3595,95.1372006996
3599,94.5676952969
3600,104.033427842
3601,111.806038392
3602,94.2186538646
3604,94.9522528449
3609,115.736988807
3610,113.019278543
3612,112.086594548
3614,113.957906454
3615,94.6079892088
3617,95.21177497
3618,111.974933112
3619,112.613873245
3620,112.516259368
3621,94.6973881259
3625,94.3194741829
3626,103.170393544
3630,103.175108438
3631,94.3985668244
3632,104.385614385
3633,94.9929067006
3634,111.965614249
3637,95.0577126005
3639,94.7571662993
3640,112.800148232
3641,94.6993565994
3644,113.1150075
3645,94.2297291654
3646,94.5509543543
3647,94.2469227134
3648,111.537121546
3653,112.66909565
3654,94.8452490348
3655,112.505798072
3659,103.791349139
3660,94.6740495854
3662,112.218344142
3666,94.2815763661
3668,94.4411714304
3671,94.5708349962
3673,94.3451360461
3674,111.145719123
3675,94.2916698824
3681,94.5981701599
3682,112.694689688
3686,111.734405902
3687,94.3379711705
3692,79.5520508997
3695,112.804350643
3696,94.877247709
3699,111.993109829
3705,112.84540574
3707,79.5527149387
3708,95.0284556602
3709,112.815399243
3710,94.6036273016
3712,94.8455645932
3715,112.66909565
3716,94.3066752228
3720,112.862033855
3722,79.5527149387
3726,94.9157893005
3728,94.2436119108
3729,112.78693799
3731,103.125875811
3735,112.278952942
3736,94.6039337777
3739,103.332562488
3741,112.121576499
3743,103.386718574
3744,95.0035322755
3745,112.866295469
3746,94.365294597
3751,94.3483799471
3753,94.6165780722
3760,112.933602433
3761,94.382573806
3762,111.860408248
3763,94.2393849546
3765,94.6588093836
3768,113.803222355
3769,94.4771607244
3770,104.156246218
3773,112.124410543
3774,95.1122600896
3776,94.7526434854
3778,94.2340965003
3779,112.035950776
3780,94.3661117178
3781,112.180414314
3782,94.7074369252
3783,112.095320683
3784,94.6321884946
3786,95.0082165768
3789,113.268070939
3790,94.8207332879
3793,112.530243466
3795,112.539158836
3797,94.3481037511
3798,115.859622793
3800,112.103706447
3804,95.1122600896
3810,95.2074168245
3815,112.586498442
3816,95.1122600896
3818,103.743204389
3824,111.752696808
3828,103.652271012
3830,112.293046341
3831,94.4438169799
3832,79.3289546577
3834,112.560904403
3835,94.8703556712
3836,112.113333188
3838,95.1261607831
3839,115.76525584
3840,112.768707713
3845,94.654978125
3846,111.953383022
3847,94.3567057336
3849,79.422081424
3853,111.966793168
3855,105.847226849
3856,94.6278265874
3864,79.4451916118
3865,95.0457836618
3866,112.852141498
3867,94.1563887045
3868,112.103706447
3869,94.8354727349
3871,94.3655930619
3875,103.988127862
3876,94.4755152805
3878,94.6079892088
3879,112.619978531
3881,112.103706447
3883,112.182463851
3884,94.3791080535
3886,111.675646572
3890,95.0370445235
3893,112.540608236
3897,103.292706455
3901,94.3445698065
3902,111.592588508
3913,113.696450413
3914,94.5867250928
3916,94.5300484554
3917,112.184322866
3924,105.214136645
3925,94.4143113742
3928,95.0255654711
3929,112.450200318
3932,94.7901201181
3933,103.893647048
3934,79.4597294553
3935,94.1911318605
3936,94.3567057336
3937,111.89825668
3938,94.1192573913
3939,112.113333188
3943,94.5015381054
3944,111.752696808
3945,112.560904403
3946,94.6218577532
3947,112.497559174
3948,94.5732936171
3949,111.566922297
3950,94.7856788122
3951,112.511255892
3952,94.1959974509
3953,112.096214777
3961,114.4939456
3962,94.2168357464
3966,94.7172020724
3967,103.233262195
3968,95.0914283209
3969,111.889838
3970,95.0255654711
3971,105.711422743
3973,94.6438955146
3974,112.097563994
3975,112.000505496
3977,95.3143107762
3979,112.488991158
3985,94.365294597
3986,104.288357664
3988,112.004007808
3991,94.3448500403
3992,103.643652798
3993,94.6888388148
3994,94.6259246129
3995,112.673821874
4005,112.508195802
4007,94.3066752228
4008,103.233262195
4009,95.1767983284
4010,113.182697008
4011,79.4276987008
4012,94.6571656499
4013,105.081482428
4015,112.449237708
4016,112.00493537
4018,111.507692604
4025,94.3248575808
4026,112.563701066
4028,112.238826478
4029,95.1309575682
4031,94.6507796058
4032,112.184322866
4033,94.6746286533
4034,104.159382484
4037,94.2661477466
4038,103.161851937
4039,94.2983229476
4041,94.69241533
4042,112.138396349
4043,94.5738057086
4044,103.893647048
4045,94.5752949004
4046,112.493340397
4047,95.1913312162
4048,104.579198333
4049,94.6257862366
4051,94.498480945
4052,111.963470907
4058,103.915392615
4062,112.152527659
4064,112.389187748
4067,94.3066752228
4068,79.3801709816
4070,94.4225185876
4072,115.791465078
4074,114.880783072
4075,94.6891622224
4076,112.985610991
4077,94.3516327171
4078,112.601068686
4080,103.893647048
4082,112.204937099
4085,94.2898178859
4086,112.451124302
4088,112.563701066
4089,94.7875314364
4092,79.366843509
4094,94.1124413664
4095,111.860082119
4096,94.5811602441
4097,103.280121506
4102,94.5865185146
4105,122.589572391
4107,112.290029862
4111,94.3567057336
4112,104.19641406
4113,95.0421695398
4114,113.325346455
4115,94.5423764488
4116,112.420412937
4117,94.3567057336
4118,94.7950115002
4119,112.382244465
4120,94.5528565432
4122,79.3614748921
4125,94.5406042812
4126,112.687997872
4129,112.560904403
4134,113.598221466
4137,94.8081584972
4141,103.891699129
4142,95.246631765
4144,95.0592729354
4145,105.214136645
4146,95.1536365405
4150,94.3598238902
4151,79.3312291453
4154,94.3066752228
4156,94.3151702263
4157,112.194204694
4159,112.00493537
4160,94.2426395446
4161,112.035950776
4168,94.8184735957
4171,103.873610716
4172,105.361369707
4173,95.1234775044
4175,94.2966457242
4176,103.893647048
4177,95.0592729354
4178,102.681593541
4179,94.3644563861
4181,113.269215399
4183,95.1234775044
4184,112.742389596
4185,94.2302446456
4186,112.382267982
4188,116.967372054
4190,111.603384135
4192,94.4518572727
4193,112.156738675
4194,112.149245417
4195,94.6429497466
4196,79.3205865978
4202,95.1234775044
4203,103.993176722
4208,95.0540115108
4209,114.318219568
4210,94.1771713254
4211,111.913069446
4212,115.859622793
4214,104.922908751
4215,94.5942641142
4216,111.956618888
4217,94.1176484678
4219,95.0954240412
4222,111.89825668
4224,79.3945147512
4231,105.017169113
4232,95.1234775044
4234,94.1771713254
4236,95.0592729354
4237,103.965578654
4240,94.7917583926
4242,103.898423668
4243,95.0821158827
4247,94.5516721514
4248,111.370765446
4249,94.2163909857
4254,103.191653054
4263,94.7961202998
4265,111.90735391
4267,113.236898691
4268,112.168575732
4271,112.509918408
4272,94.3567057336
4273,112.294207962
4274,94.3461488913
4276,94.3523438264
4278,94.5258644101
4280,95.0839482571
4281,112.57762828
4283,94.3607575682
4284,111.504018063
4285,95.1460824032
4286,112.366159676
4287,94.2210627026
4288,114.004005879
4289,94.0613088146
4290,79.3673758318
4293,94.2393849546
4296,111.567874374
4297,94.8585711282
4299,94.1836517967
4303,112.669273707
4310,95.0839482571
4312,103.92714072
4318,103.971449794
4320,113.062291078
4322,94.2735640849
4323,116.431805087
4325,104.845654253
4326,112.560904403
4328,103.259957312
4330,103.952636264
4332,112.065840879
4333,94.673079573
4335,94.2883485396
4336,111.578998782
4338,105.06835642
4341,94.6321884946
4342,105.154240179
4344,103.921263756
4347,94.690107589
4348,104.001250911
4351,104.637816804
4352,94.4771607244
4353,112.111467299
4355,103.342230863
4356,94.3567057336
4359,103.14010637
4360,94.6321884946
4361,94.3567057336
4364,94.7513618019
4365,103.660008978
4368,95.3009992365
4372,95.1389782474
4374,94.1331134104
4376,95.2084344477
4377,103.345481356
4380,95.0910369489
4383,104.578343492
4384,94.5842471961
4385,103.279408235
4389,94.3821167103
4391,94.6079892088
4392,111.653901005
4393,94.2482860456
4395,94.2801409888
4396,111.669554472
4398,112.280393346
4399,106.917007314
4401,94.2532625594
4406,94.6987321191
4408,103.995806354
4412,104.017928979
4415,94.829385207
4418,112.911457059
4419,94.1331134104
4420,79.3945147512
4422,111.752696808
4423,94.1331134104
4425,94.7362651501
4428,114.787129784
4431,112.440047631
4434,94.111121115
4436,94.6935241296
4437,112.018452503
4439,115.76525584
4440,94.5564758097
4441,112.458229265
4444,94.5827920161
4445,104.922908751
4446,94.9522328073
4447,112.969101559
4452,103.233262195
4456,112.279761321
4457,94.3567057336
4458,112.423831105
4460,94.3567057336
4461,115.788132269
4462,94.2691206742
4465,103.140591142
4466,104.298254039
4468,94.5989008556
4469,103.255007762
4472,113.56922614
4475,94.367723216
4478,94.6124400836
4479,111.866985445
4480,94.8396996911
4483,79.4256450167
4484,94.3661117178
4485,104.373529896
4486,95.1059522339
4488,94.3534389037
4489,103.200926346
4490,94.7529728991
4491,111.105955027
4492,94.6321884946
4493,105.050345817
4494,94.2797596762
4495,102.968272254
4498,79.4356558409
4499,96.1160546279
4500,103.115267202
4503,112.937078875
4505,103.075877845
4506,94.7330114393
4507,94.7373733465
4508,103.988127862
4510,112.586498442
4511,94.0177098917
4513,95.1059522339
4516,79.430391432
4519,94.9143417342
4521,94.3609326898
4531,94.4880761056
4532,79.3147154575
4533,94.6250473897
4534,113.666974758
4536,103.988127862
4537,94.3567057336
4539,94.6278265874
4542,102.805137387
4545,94.1363802402
4549,94.2392107827
4551,94.3523438264
4554,103.922369801
4556,111.709261832
4559,112.919827266
4561,112.34209943
4562,111.762525368
4566,112.059204437
4569,94.5620889132
4570,111.752696808
4573,94.8440615983
4574,103.191142893
4575,94.8574931905
4577,94.6849352662
4578,111.89825668
4580,112.197690017
4582,94.2062010049
4583,111.752696808
4585,95.1271280133
4587,103.988127862
4595,94.4933472306
4596,112.146713963
4601,94.8248365651
4602,112.645305476
4603,95.0035322755
4605,112.912799333
4606,94.4390566949
4607,114.322496271
4608,94.5001786382
4610,95.0290061765
4613,103.255811403
4617,94.2426386654
4618,112.125909205
4619,94.2227068867
4620,94.4925890335
4622,104.402436431
4625,94.3567057336
4626,103.988127862
4627,94.775990813
4629,94.2400489935
4631,94.2699406273
4633,103.988127862
4634,116.012256647
4635,94.2112829363
4639,94.3066752228
4640,105.035271371
4642,103.919355497
4644,112.510566542
4646,103.988127862
4647,95.035490014
4648,79.3372646657
4649,94.5620889132
4650,112.813697137
4655,94.2392107827
4660,94.3581297214
4661,111.923063252
4662,94.1206784185
4663,112.475388625
4665,94.6878808823
4666,112.259665566
4667,103.927093463
4668,95.1373176525
4670,94.2168357464
4671,111.552810353
4672,94.6354696828
4673,103.922369801
4675,103.930107767
4676,94.9628104979
4677,113.512607358
4680,94.4497694731
4682,94.8440615983
4683,112.347124221
4685,104.017928979
4686,94.8782922953
4688,112.522572487
4690,114.985522444
4692,112.315524486
4693,94.1987712568
4697,94.3186631339
4700,112.232627484
4702,112.309426187
4707,115.924926457
4708,94.4665173512
4710,79.5514180283
4716,105.557089119
4717,94.7499283251
4718,94.4715590382
4720,95.1846389263
4721,79.4214899045
4723,94.8606252382
4726,112.72057502
4727,94.2517725297
4729,94.3218667525
4731,94.6240586186
4732,111.969705754
4735,94.4140572485
4736,104.078222474
4737,95.1788445897
4738,111.625930809
4739,111.983229391
4744,103.956480905
4747,94.4715590382
4749,113.533357884
4750,94.4665173512
4752,112.179948612
4755,95.5360556647
4756,103.392932812
4757,113.099205314
4758,95.0710705602
4759,103.440200365
4763,94.5930019686
4764,103.495019219
4765,94.7952504345
4766,94.474052183
4767,112.524345433
4769,113.235791512
4770,94.9081315174
4771,79.6187438994
4772,104.132869104
4774,112.576497221
4776,113.894528991
4777,113.000869418
4778,94.905741692
4780,94.4993497554
4784,94.4249818439
4786,95.8217433273
4787,79.5435429743
4788,95.4151572251
4789,112.179948612
4791,103.931231383
4792,94.49981754
4795,112.494398824
4796,94.2137788869
4803,94.3458246612
4805,95.2327570369
4807,95.0358609602
4809,94.5541888265
4816,95.0306066581
4817,79.5791164205
4818,94.0919566016
4820,94.4826422457
4821,103.351323671
4823,112.746169059
4824,94.8826887298
4825,112.640219272
4829,103.157674527
4830,95.3526198804
4831,113.316670244
4833,105.48188012
4836,94.7434715134
4837,112.522572487
4838,94.3151394375
4840,94.6164215846
4841,79.5920217529
4842,94.2769982485
4843,112.950252312
4844,94.3222854568
4849,104.782615118
4851,104.332156527
4852,94.5382267716
4858,94.3076456515
4860,95.3526198804
4863,112.367180446
4864,94.921920668
4865,112.32289271
4867,111.84511113
4868,94.7132386803
4869,112.520649294
4873,94.2299418151
4875,95.6835598182
4876,112.094458912
4877,94.4357221825
4878,111.581191446
4880,79.5568704469
4886,113.759602333
4888,103.922396497
4889,95.5104856437
4890,113.166068411
4893,94.764064818
4895,94.8163680237
4896,104.132869104
4899,94.2733017444
4901,94.4707443074
4902,111.903612647
4903,94.4536342765
4904,112.179948612
4910,94.2124851516
4912,94.6830899129
4915,95.3831394861
4916,104.622799253
4917,94.9083557698
4920,104.132869104
4927,104.05949121
4928,94.4681132772
4931,103.99253127
4934,94.3313640213
4936,94.9388687742
4939,112.754246418
4942,113.012901074
4943,95.2704419107
4944,103.858580232
4945,94.7106220869
4947,111.543941029
4948,94.7168208173
4951,95.0358609602
4952,112.179948612
4953,94.2794573855
4956,94.4536342765
4957,112.812705652
4958,94.2766619126
4960,94.7912139242
4968,94.5758195495
4969,104.231597514
4971,103.43967399
4973,112.576497221
4975,113.574098981
4976,94.9534712801
4978,94.326647364
4979,112.582096269
4982,94.5560598201
4983,112.47494177
4984,96.2237703585
4985,115.877388272
4986,94.6916787763
4987,114.211480406
4988,94.7342456384
4994,94.7692721101
4995,94.7110331245
5002,79.4313871244
5004,94.459577298
5005,103.327578577
5006,95.1877676875
5007,103.192453113
5009,111.905313842
5011,112.576497221
5014,94.8368264293
5015,104.469305837
5018,94.2292777762
5019,112.427438884
5020,94.5420168611
5021,112.346329883
5022,94.3817612356
5023,94.933358977
5025,95.2704419107
5032,95.0073488163
5034,94.2919498089
5036,94.526076465
5038,94.4598940238
5039,112.593641074
5046,95.2574058562
5049,112.427438884
5051,95.2231938052
5052,94.2562651317
5053,112.576497221
5054,95.2704419107
5055,95.1410158355
5057,94.4665173512
5059,94.6758448014
5062,96.1088744123
5063,112.694225124
5065,113.054155946
5069,94.3830656775
5071,95.4778126478
5074,112.903732156
5075,94.2562651317
5076,112.064685428
5077,79.5786942802
5079,104.460475573
5080,95.3012349399
5081,112.522572487
5083,104.234392564
5088,104.000365327
5089,94.9000109293
5093,112.374618044
5094,103.394538517
5095,94.9008491401
5099,110.76699913
5101,112.691890771
5103,103.292793829
5104,94.3746998787
5105,112.488971839
5107,94.3301948596
5108,112.507305294
5109,94.5357700186
5111,94.862239604
5112,111.703047975
5113,94.4543453858
5114,113.052016362
5115,94.3276122561
5118,95.2513746847
5122,95.214261649
5123,79.4965163105
5125,94.7945566585
5127,103.292191814
5128,94.4929011519
5129,114.723066281
5132,95.262135599
5134,113.642944915
5135,94.9536829905
5137,112.98097881
5142,94.446320228
5143,103.349202572
5144,94.9214189396
5148,94.6024211763
5149,94.4527908762
5150,105.299109356
5154,79.4965163105
5155,94.9582084117
5159,94.8503839108
5164,94.8079990689
5165,112.806258287
5166,94.3188373058
5167,113.055317369
5169,94.1248833963
5171,94.5430208737
5172,112.645877114
5176,94.823060167
5184,111.751788491
5185,94.6902963635
5186,112.312974992
5188,104.859466163
5189,111.956109797
5190,95.4358327791
5191,112.806258287
5193,112.645877114
5196,95.1094374173
5199,79.4948879389
5200,103.926139339
5203,94.3726008256
5204,112.132306977
5205,95.4358327791
5207,94.458707293
5208,110.434621842
5212,95.018903142
5214,94.520841439
5218,94.2836917643
5220,94.3755656443
5222,94.3276004125
5224,95.5433159821
5225,104.064042339
5227,112.230191696
5229,104.064042339
5232,94.1026826033
5233,116.035960934
5234,103.910442389
5237,111.923460274
5239,111.698390331
5240,95.0374514917
5241,112.427438884
5244,94.341386514
5248,112.814086407
5251,94.2577131921
5253,94.458707293
5255,95.0668763151
5256,103.785017415
5257,94.734190054
5259,95.7987240595
5260,112.262948229
5266,94.3817612356
5268,94.7386371271
5275,112.26608415
5276,112.050827649
5277,95.2499726629
5279,95.0668763151
5280,104.050551365
5281,95.0055698636
5283,95.2937427974
5284,79.6029720679
5285,94.6548528628
5286,103.317803379
5287,94.4536842268
5289,95.0035096662
5290,112.645877114
5292,106.511598489
5293,95.1434079901
5294,103.272330663
5297,94.3061092769
5299,105.203843689
5302,94.8920798122
5305,79.4311770206
5306,95.3600500366
5308,94.6369393129
5309,95.0342599317
5310,112.161623864
5312,112.636764428
5316,112.983807023
5317,95.273074418
5319,79.4965163105
5320,95.2506218894
5323,94.6557743341
5329,112.215300514
5331,111.779720631
5334,112.008316729
5336,112.925674142
5338,104.064618776
5341,94.5401361407
5345,95.0882903043
5348,94.7749973675
5349,113.029034745
5355,104.488290201
5356,94.7032965405
5360,104.291702829
5362,112.590739209
5364,112.177069994
5366,104.499978338
5367,94.3979699318
5368,94.4613436632
5370,94.7261994645
5371,79.4965163105
5373,104.265652133
5375,111.923460274
5376,94.374048886
5378,112.067744615
5379,94.9899314362
5383,94.4543453858
5384,103.332448723
5389,111.541106519
5391,79.4525936977
5393,111.987784055
5395,113.301092557
5397,111.576011512
5398,94.6598407633
5399,113.007303971
5401,116.022766427
5402,94.4678589835
5403,112.695591354
5404,94.6350267687
5407,79.4392662251
5408,94.8715882216
5413,111.693278421
5414,94.4619652187
5417,94.5667111847
5418,106.547958729
5420,111.328227948
5421,94.2538180495
5424,94.4654569492
5425,112.20759358
5426,94.7579610988
5429,112.869371487
5431,95.1148829178
5437,103.275526517
5440,94.3669798748
5444,104.553587571
5446,104.681708702
5447,94.5112762296
5451,94.6774668011
5452,112.616655069
5455,103.963480697
5456,94.734190054
5458,94.3701198442
5459,112.679035677
5460,94.8622648777
5462,94.9532789758
5463,112.049392197
5464,94.2363280951
5465,113.257607264
5466,95.4706947373
5467,104.060158184
5468,95.0448612897
5469,112.646152092
5472,94.7945566585
5474,94.5242008571
5475,111.745346246
5476,94.7377592992
5479,104.030534368
5480,112.170594613
5482,113.026649832
5485,94.827948534
5486,116.022766427
5488,79.5529135074
5495,104.080720407
5496,95.0144359833
5497,112.714979822
5499,113.01690638
5503,94.8417894225
5504,94.4468515997
5507,95.2971680854
5509,95.3756587659
5511,94.4173371563
5512,111.625743072
5516,111.994174101
5517,95.2327570369
5518,103.394538517
5521,94.7420001122
5522,104.060937499
5527,95.4778126478
5528,94.7692721101
5529,111.766511986
5532,96.2796919936
5533,113.366791532
5535,104.030814878
5536,105.927008795
5540,95.360075775
5547,94.3992677672
5548,112.385073444
5550,79.4988949866
5551,94.4681132772
5554,112.689393707
5555,94.8255033636
5559,111.287440122
5560,95.0393433212
5561,112.532459561
5562,94.4322295871
5563,112.862662505
5565,79.5407640292
5566,94.5527320517
5567,104.120044848
5568,95.3623518365
5572,95.0128014083
5574,94.8389547904
5576,94.4140572485
5579,111.782086007
5580,79.3701137872
5581,94.9468410391
5583,94.6831052347
5584,112.324311467
5586,112.327169833
5587,94.3592566792
5589,103.310617401
5591,102.879384097
5592,94.5230374727
5593,112.856590949
5594,95.2387227217
5595,79.5297002602
5596,112.522572487
5597,112.33328238
5598,115.383058156
5599,94.7106220869
5602,112.485596014
5603,95.2387227217
5605,94.4041119426
5607,94.2358410557
5608,112.906619713
5609,94.7178399573
5610,94.9362900729
5612,94.5625993191
5613,111.956109797
5614,94.4251878417
5616,94.3797922411
5621,95.5239007571
5623,94.7231353927
5628,112.883860727
5629,94.4515424174
5631,95.2226630319
5633,95.0783213024
5638,104.217267005
5639,94.7461432667
5640,104.636960316
5645,94.8339489169
5646,79.5419146027
5649,94.6022908977
5653,112.668108173
5655,112.881302964
5656,94.7945566585
5658,94.7420001122
5662,116.089656953
5663,94.3980606732
5667,94.5509922273
5670,94.7106220869
5671,103.177690705
5672,94.7461432667
5673,103.128208112
5674,94.4619652187
5675,102.96584296
5676,95.1877676875
5679,112.390722711
5683,112.786010205
5687,95.2137302666
5688,79.5435429743
5690,94.8849432218
5691,112.520649294
5692,94.6248588697
5693,114.036855155
5694,94.6303149156
5697,112.400195571
5698,94.3278011041
5699,112.524815798
5704,94.4826422457
5707,112.390722711
5709,103.144296171
5710,94.6258384228
5714,94.5639031765
5718,94.4652189295
5721,94.9388687742
5723,94.4520839656
5724,112.990045391
5725,94.4665173512
5726,111.49968962
5729,95.3040594516
5730,104.217267005
5731,94.4826422457
5733,79.3164314856
5736,94.6369393129
5741,103.307699765
5745,112.318113504
5747,94.7570168104
5748,103.83957846
5750,112.210364361
5751,94.4797601646
5752,94.734190054
5754,94.4681132772
5755,94.9081315174
5757,95.2013052389
5758,115.787986037
5760,103.764710299
5762,102.879384097
5766,111.453611048
5768,95.2964396187
5769,116.217751366
5770,94.5954774036
5771,112.636764428
5772,94.6916787763
5773,111.651191444
5774,94.7125875349
5776,94.5459491516
5777,112.524815798
5778,94.4450454131
5780,112.66833898
5782,94.3916479343
5783,79.3297589583
5784,95.214261649
5786,94.8730957573
5788,95.1434079901
5789,112.205025005
5790,94.458707293
5791,104.132869104
5793,106.784748934
5794,94.4826422457
5796,115.850228551
5797,94.4782803385
5801,94.307292399
5803,95.2137302666
5804,112.109012991
5805,94.628462169
5806,79.5568704469
5808,112.419700918
5813,94.4750224128
5815,95.5435543614
5816,105.937704955
5822,94.5512630842
5823,112.336797977
5825,104.948729797
5827,112.481160358
5829,103.177690705
5830,94.849855573
5831,112.467002921
5832,94.4278322983
5833,112.419700918
5837,113.455521584
5838,94.8889157162
5839,95.1849536897
5842,104.527524911
5844,112.311210418
5845,103.10529969
5846,112.568647472
5848,79.4277844488
5850,111.52781183
5851,94.2665165178
5853,95.1808733046
5854,103.964340866
5858,104.527524911
5860,112.298447953
5864,103.674684659
5866,95.2358042944
5867,112.338811248
5868,94.5993637087
5869,112.380158617
5870,94.5469036976
5871,113.035661969
5874,112.695916872
5876,112.390876624
5877,94.1293814114
5878,94.2291483835
5879,112.343590662
5880,94.2087642792
5884,94.2309407043
5886,111.734885863
5890,104.460247775
5896,94.5654371221
5897,103.290786325
5898,95.1808733046
5901,103.987007832
5903,112.524585758
5906,94.5648677719
5908,112.338811248
5909,94.2126705235
5910,111.866011101
5911,94.4209433191
5912,112.093221772
5914,112.695916872
5919,112.524585758
5924,94.363592979
5926,94.8105920616
5929,103.534448786
5930,94.4295459047
5932,95.1185087526
5933,113.295935106
5934,94.5714379547
5935,112.069851573
5936,94.3199163806
5937,112.94962837
5938,94.7593090787
5939,110.518121973
5942,111.933492393
5943,94.4127483192
5944,104.23971643
5946,111.942262638
5951,94.2773754637
5953,103.148059756
5954,94.3669361625
5957,104.029351277
5961,94.3798882704
5962,105.190260424
5964,79.4114791232
5965,95.1678086915
5968,112.695916872
5969,94.3276496545
5974,94.5541417703
5975,111.530553123
5978,79.4270847895
5981,103.834372355
5982,94.6875324145
5983,113.461353801
5989,111.428622815
5991,94.482362529
5992,103.812174906
5995,94.436430512
5996,103.147354087
5997,111.78240728
5998,94.5484865399
5999,79.4920074883
6001,111.437818882
6002,94.5065304988
6003,111.145345184
6004,94.3669361625
6006,111.385805031
6007,94.8236976108
6011,104.701278953
6012,103.194896169
6014,94.3669361625
6015,103.30893416
6016,95.190491019
6017,111.639966893
6018,95.1883533684
6024,95.1139461615
6025,104.979116497
6026,112.274044901
6028,111.481960647
6029,79.3405043752
6030,94.7225406398
6036,111.873863121
6040,94.431495155
6041,111.798241471
6042,94.4813306474
6044,94.4734511644
6045,103.772879036
6047,103.756777406
6048,94.3486342664
6049,111.945268475
6051,115.349310482
6052,111.528110585
6053,94.0232247398
6054,111.77888789
6058,104.062257652
6059,94.6844836319
6062,95.1883533684
6063,115.684919056
6064,103.519720986
6065,94.4973580048
6067,94.8321250857
6068,111.82383551
6070,102.990687529
6071,104.889137362
6072,110.912832112
6080,110.912832112
6081,94.4319745238
6084,105.122498487
6087,94.828059518
6089,105.808291493
6092,110.912832112
6094,94.4496249278
6095,111.792039512
6097,112.458526847
6100,94.7362718119
6104,104.774041273
6105,94.4347249328
6106,111.108418363
6107,79.5612068879
6108,94.7173488449
6109,110.912832112
6110,94.4089096335
6114,110.912832112
6116,94.4058131224
6117,104.264849504
6118,94.8331325344
6123,79.3675631011
6125,111.845964246
6128,111.488711937
6130,103.498590164
6132,111.01830739
6137,79.3398054321
6139,112.723325014
6140,94.5275759207
6141,112.168800024
6142,103.967687642
6144,105.549949427
6145,94.6162251713
6146,94.3425922195
6149,94.3304570663
6156,95.3731037023
6159,112.059567176
6160,94.5275759207
6162,103.652701949
6164,110.746671988
6165,94.2144955459
6168,79.3613126277
6169,111.513798945
6170,94.7331117686
6171,111.8455776
6172,94.1160294912
6173,112.775885387
6176,95.1959732013
6177,94.2993829819
6178,94.6830605357
6180,94.4649461028
6181,103.765259203
6182,94.7520123467
6185,94.6352668097
6186,111.544164877
6188,111.767383218
6189,94.6428952933
6192,105.122498487
6193,94.3543655331
6194,103.765259203
6195,94.4024957627
6196,116.02024433
6197,94.2434689049
6201,111.398066834
6202,94.5648677719
6203,111.536322143
6204,94.322435358
6207,116.2196745
6209,94.3534151961
6210,94.3179673093
6211,112.172642152
6213,111.405686667
6216,94.1160294912
6217,94.3844678927
6219,94.5203759187
6222,79.3203139129
6223,94.6910886768
6235,95.2248533779
6240,94.3701940882
6242,95.1627689762
6247,94.4209570414
6251,111.847627561
6254,111.71580249
6255,95.0762035627
6260,102.935952516
6261,94.428563152
6262,103.387903271
6264,112.377419929
6269,103.194816932
6271,104.048423177
6275,110.664250531
6276,94.3175434268
6278,94.7897106212
6279,111.412211531
6281,111.839937666
6284,94.7987977106
6286,94.3714141867
6287,79.2646760989
6288,94.9075842476
6292,94.5663637295
6293,94.3299154218
6295,94.5612627144
6298,111.161842642
6300,111.474179122
6304,103.722692998
6308,110.993143963
6310,94.5666689656
6312,110.949192353
6320,94.4404188453
6324,94.3369210329
6325,111.59508918
6330,95.5325162463
6336,111.468820133
6340,104.067204597
6341,95.2248533779
6342,103.942409295
6344,94.458412359
6345,111.688890444
6347,111.315313
6348,94.4143184908
6349,111.072682077
6351,79.4352645126
6353,110.956508902
6354,94.4508947109
6357,94.8896344636
6358,103.417002483
6360,103.014154106
6363,112.759191829
6364,94.1294278073
6368,111.640395211
6370,94.2046211248
6371,94.3658794228
6377,96.0180335363
6379,94.3981912222
6381,94.6085324584
6382,79.4001132066
6383,111.315313
6388,110.653986482
6390,110.751452638
6392,102.94974246
6393,94.762654554
6395,95.1089395385
6398,103.125018556
6401,79.4134406792
6402,94.2149799063
6403,111.093145901
6405,94.849954367
6406,94.1285332244
6407,111.667109174
6409,103.752494114
6411,94.1983706514
6413,94.8331325344
6416,104.571646691
6417,94.2941813172
6418,94.4725204644
6419,116.226970197
6420,111.357536488
6426,111.480487272
6429,94.5071046189
6430,94.3543655331
6431,111.093145901
6432,94.3534151961
6434,94.3887003316
6437,111.566573512
6438,94.7431485989
6439,103.786983978
6440,94.3543655331
6441,94.5091786192
6442,110.823671547
6443,96.13394338
6445,94.6489305601
6448,111.571029171
6450,111.373175244
6453,95.3534358871
6455,94.6521952659
6457,94.5541417703
6458,111.280030192
6461,94.7546982664
6464,111.974937944
6467,93.2156024371
6469,94.0747602249
6470,79.3811742929
6471,93.4389737013
6473,103.63335958
6474,93.3552100327
6479,93.6581121196
6481,93.6322085394
6484,110.543730117
6495,94.1481811457
6496,110.874217669
6505,110.190204935
6506,93.8396949835
6508,94.130954851
6509,93.7598282412
6510,103.628735757
6512,102.915222904
6513,93.33133418
6514,111.68242625
6515,93.4238314416
6519,94.186710154
6521,93.2659881085
6523,79.2834392931
6525,104.285695385
6526,93.3269722728
6528,93.6836498061
6529,110.796146615
6531,103.893709172
6533,104.899037759
6534,93.6834395653
6535,110.693167969
6536,93.1663349848
6537,111.970197759
6540,93.3736924644
6541,110.97666887
6547,93.6465213488
6548,111.564865522
6551,111.490118824
6553,110.953041757
6555,104.989234522
6556,94.0868885361
6561,79.2523811412
6564,93.2264692043
6565,110.693167969
6568,93.6678428907
6569,110.161232393
6573,102.920797835
6574,93.6581121196
6577,111.07204217
6579,112.664020976
6581,93.3055173539
6582,110.618722582
6585,103.984701124
6586,94.0747602249
6589,102.929944029
6590,79.2745242842
6593,93.5792150723
6594,111.067379969
6595,93.4262324105
6599,93.2672363287
6600,93.2411528881
6601,110.417755078
6602,93.0415671321
6603,111.089716578
6604,93.6807696548
6607,103.699624772
6608,104.414855288
6609,94.0293297344
6611,93.4038526051
6613,110.161232393
6614,93.3439491155
6616,93.4079355657
6617,110.161232393
6618,93.33133418
6619,102.67653931
6621,104.989234522
6627,103.97620872
6629,110.330876127
6631,79.2989818096
6634,93.7190328834
6636,93.33133418
6638,93.6678428907
6639,110.161232393
6641,111.021851855
6642,93.9850009633
6651,112.141657634
6654,79.1976753202
6657,93.6064365963
6663,93.1001101535
6665,111.563924777
6666,93.7216910452
6668,93.33133418
6669,104.312880932
6670,93.5435643008
6671,94.0413857829
6673,93.6670867154
6675,93.608256492
6676,79.2870660424
6677,93.789910719
6679,93.5441287717
6680,111.351062715
6681,103.268899903
6685,103.319085941
6688,93.7015073964
6689,93.4430583259
6690,110.756637835
6692,110.161232393
6693,93.3992478748
6694,93.3832570409
6698,115.526348746
6699,93.1584199239
6700,110.086788959
6701,93.592773234
6702,110.397111429
6704,93.4430583259
6707,110.40499885
6712,111.146014728
6713,93.9694884679
6715,93.2804678069
6721,110.487316259
6722,93.279756
6723,111.862233846
6724,93.3114431471
6725,115.526348746
6731,111.599032021
6735,90.4568351619
6736,93.3064430534
6737,107.988847275
6738,93.2822149222
6739,103.24175264
6741,102.562370208
6743,93.410518472
6745,93.33133418
6747,110.989889641
6749,93.3650896454
6750,103.249976187
6751,114.691072598
6752,93.6826102967
6753,110.161232393
6755,114.954542664
6756,93.3362128655
6757,103.315661518
6759,110.851359439
6761,93.4068674718
6763,93.2465835447
6764,115.496266976
6765,93.3874397144
6766,111.359917045
6768,110.828523974
6771,93.4430583259
6773,93.6965556435
6774,93.5435643008
6778,103.504823616
6779,94.1989646506
6781,93.0257101725
6784,93.1492872249
6786,93.6531592339
6787,110.511000188
6790,94.2778735907
6793,102.746984457
6795,109.402489352
6798,110.977031635
6806,102.728092494
6807,93.7647053736
6810,93.4139453533
6815,110.405629129
6816,93.2442546713
6817,102.193568681
6818,93.3897169661
6819,102.699303933
6820,93.5939499723
6822,93.2717656575
6823,113.917990228
6824,110.218916839
6825,93.6631689905
6828,79.2349379909
6829,110.294464691
6831,110.590742671
6832,93.1128195018
6833,110.2234271
6834,93.4666449435
6836,94.5577309301
6837,110.183330353
6838,93.1183467774
6840,102.003524042
6843,93.2897165948
6845,93.0105954758
6846,93.2301574809
6847,110.033829289
6851,110.101062865
6852,93.0877546237
6853,111.092530642
6858,93.737425941
6861,110.951437597
6863,109.711475167
6864,79.2646053527
6865,94.0819228716
6866,110.107660052
6867,94.1077105423
6868,101.817818305
6869,93.3971970299
6870,110.218916839
6874,110.220499403
6875,93.3834691473
6877,110.056808652
6878,93.191182776
6880,93.4341358156
6883,109.686420884
6884,93.6521816297
6886,93.8955362789
6890,94.0915932186
6893,110.581771732
6894,93.6691869426
6899,110.056808652
6900,93.2359069899
6904,93.2564337848
6905,110.266123145
6906,93.2510635663
6910,93.3253994354
6912,102.74829389
6913,111.092644313
6920,93.3243708945
6922,93.5718444184
6923,109.402489352
6926,93.7156379094
6927,110.184725205
6928,93.21585017
6931,110.911820822
6933,93.0776199438
6936,93.1873679756
6937,110.266519737
6939,117.711061518
6941,93.5214726346
6942,111.077328976
6943,93.3088891295
6944,101.903284067
6945,93.6450092648
6946,110.138591264
6947,113.529220739
6949,102.70693099
6951,102.636827932
6953,113.098962093
6954,93.6251943178
6955,111.121888968
6963,109.924867018
6964,93.078388431
6966,93.5327968007
6968,93.186091166
6970,102.677129873
6972,113.543173559
6976,110.99184722
6978,110.107660052
6981,102.251769083
6985,102.723777071
6986,93.0732580366
6987,110.391851678
6989,110.392374586
6991,113.917990228
6993,111.634849316
6994,93.6953260531
6995,110.033087948
6996,93.4645626968
6997,110.531917391
6998,79.2315215646
7001,110.088531273
7003,111.548087237
7006,93.7420325921
7008,104.033111996
7010,93.0321026715
7011,93.5501326258
7012,116.484185318
7013,93.5887170041
7014,110.197346257
7017,102.390765303
7018,93.3897169661
7019,93.0105954758
7023,93.6985764079
7024,102.23047951
7025,93.5253381811
7026,110.923671664
7027,93.5124406231
7028,114.352233626
7030,109.402489352
7031,94.3234577762
7033,110.874171652
7036,93.580327835
7037,93.724675308
7039,93.3770065676
7044,93.2295464596
7045,110.320444471
7046,95.4033855619
7049,102.850434563
7050,94.1389815533
7051,102.677129873
7054,109.523820735
7055,93.7254233914
7057,93.3695265038
7060,110.056808652
7061,94.189337637
7063,93.051675508
7064,109.789270653
7067,93.4341358156
7071,93.4222801223
7074,102.794875853
7075,93.8078322703
7078,110.320444471
7079,93.3391143893
7080,112.114517866
7081,94.1744280974
7082,110.183330353
7083,93.630574049
7085,110.584171406
7092,102.699303933
7094,93.7049041348
7100,93.5963572867
7101,109.76849131
7102,110.107660052
7104,110.637085912
7105,94.189337637
7106,93.3897169661
7107,102.940603866
7108,79.2328784562
7109,93.5715000515
7110,110.266519737
7112,93.6512597382
7113,102.665219525
7114,93.8467718264
7116,110.107660052
7117,94.1452713221
7118,102.785199207
7120,93.8714530222
7121,102.38713385
7123,101.918653027
7124,94.1539254105
7127,104.432129721
7131,101.918653027
7132,93.3581557477
7133,92.9584359014
7134,110.391751392
7135,93.3625520363
7136,111.305585122
7137,93.133022752
7141,93.5898696507
7144,102.695020642
7147,109.797554729
7148,93.3046023965
7150,93.0963141875
7151,93.8398918039
7152,101.928662473
7154,93.5085480523
7156,93.8323379438
7157,103.014961226
7159,113.932720494
7161,93.9595383955
7163,93.2971715834
7164,102.772297698
7167,79.2560183228
7169,102.775717423
7170,93.9394709801
7173,93.4176265742
7174,102.163599226
7177,109.867949092
7178,103.743585092
7179,93.3415904329
7180,79.13119063
7181,110.226654805
7182,93.6511366969
7184,93.3581557477
7185,111.687537935
7186,93.0916843013
7187,112.850887386
7188,93.3673706543
7189,110.711529325
7191,102.761165653
7193,110.07730375
7197,93.5575394078
7199,93.0696821531
7200,110.183330353
7201,93.3625520363
7204,93.2093152477
7207,109.776526076
7209,109.711475167
7210,93.2291260416
7211,102.662437261
7213,93.1911826256
7214,110.531917391
7216,110.416252616
7217,93.2553497022
7220,110.52358999
7224,109.402489352
7225,93.5595993006
7226,110.416252616
7227,93.6661948181
7234,111.687537935
7236,90.2877832437
7239,102.117459349
7240,93.6309128085
7242,115.724307217
7244,110.319882324
7245,93.2852018091
7247,110.088695528
7248,93.0879083067
7249,114.017131829
7250,111.078971975
7251,93.1589499712
7252,111.147868477
7253,79.212781236
7256,93.6006377901
7260,93.1798710204
7261,111.70938496
7264,93.3409167701
7269,110.579788647
7270,93.1884618545
7273,110.638535594
7279,93.1789928373
7281,110.978664503
7284,93.1556066912
7285,111.237195709
7286,113.989972108
7287,93.240765765
7289,93.2997729617
7292,93.3194689478
7293,110.936354231
7296,93.7206680522
7297,111.056252172
7298,93.2179262754
7299,111.146139487
7301,101.948817438
7304,110.347815898
7306,113.67294419
7308,93.2997729617
7309,101.826200058
7312,93.0276117948
7313,79.212781236
7314,93.368513861
7316,93.3019467132
7319,114.672306931
7321,93.8732768849
7323,93.6309128085
7324,101.948817438
7325,93.607812032
7328,102.449895148
7330,79.1988412471
7334,93.607812032
7337,111.716590327
7338,93.7603213095
7339,93.1361769267
7341,93.083697824
7342,111.222187048
7344,110.937947908
7345,109.537165335
7347,110.12435736
7349,110.978664503
7350,93.9347168628
7353,110.653991701
7355,110.279164357
7356,93.7887539358
7357,111.94969009
7358,93.9020336623
7360,93.1939429343
7363,102.210624991
7364,94.0467829606
7366,93.6097005982
7368,93.6520885878
7369,110.620007066
7370,93.3730759687
7373,93.561699641
7374,109.340776883
7375,93.2954110545
7377,93.6328286838
7379,93.1718567762
7380,114.07840534
7382,110.080573407
7383,93.2065529229
7385,93.2787532308
7386,102.752586943
7391,93.4796531594
7394,119.918993408
7396,111.078971975
7397,93.1768167603
7399,93.2226932664
7400,102.694271917
7403,79.0308822292
7405,111.072173612
7408,110.295917746
7414,109.711857304
7416,102.65339158
7417,92.6298852677
7419,92.8658892667
7420,111.967778071
7421,93.491898245
7422,93.6748840135
7423,102.944106904
7425,79.054176828
7430,93.2741143309
7432,93.211603189
7433,93.3674149339
7434,109.462256308
7436,109.528646723
7437,93.1741674643
7438,102.023722075
7440,102.675253055
7441,92.8184616281
7442,110.566897025
7445,110.567663332
7446,102.466132571
7448,110.649769492
7450,102.54334695
7451,92.8931623095
7454,110.851375202
7455,92.9868360256
7457,110.634368463
7459,102.444387004
7462,92.9540036006
7464,92.8931623095
7465,110.387233741
7466,92.726462138
7467,110.592097266
7469,110.629410997
7472,92.9092895927
7473,109.402489352
7479,92.9353240866
7480,102.67252635
7484,109.548131192
7491,92.6785833098
7494,103.088916654
7495,92.6763440338
7501,92.6933899361
7503,92.6079441022
7504,102.694271917
7505,92.9709756518
7508,110.721906748
7509,92.4832083398
7510,79.0323280198
7511,109.952194702
7515,93.1167169873
7516,102.402350632
7517,93.102108864
7518,102.674717946
7519,92.6616654604
7521,92.849767935
7522,102.826109952
7524,103.409222955
7526,102.67252635
7527,92.9123937291
7528,101.956623016
7529,93.0013454468
7534,110.974727464
7537,110.227447616
7538,92.9433970803
7540,92.4934701299
7541,110.980489989
7545,110.970926537
7551,111.115520742
7553,92.9353240866
7554,102.044728153
7555,92.9714237387
7561,111.008689211
7562,92.883879325
7564,92.5619389447
7565,102.690949521
7566,93.3079393567
7567,113.013890255
7569,101.829311008
7570,92.9243606612
7571,111.807532734
7572,92.6134123087
7574,102.907906074
7578,110.698655069
7579,92.7846019892
7586,92.4756471091
7587,78.9463842505
7590,92.607094554
7593,109.402489352
7594,92.8757431815
7595,93.3079393567
7600,92.4514366866
7601,78.9047740048
7602,92.8735872748
7603,110.595799947
7604,92.5170101972
7606,92.5945343976
7608,111.00276389
7613,78.9971176538
7615,110.12747938
7616,109.520991182
7617,114.204440177
7618,92.9123937291
7619,102.706182265
7622,93.1614499204
7623,101.970563005
7624,92.8379086294
7625,102.402350632
7626,93.0508791574
7627,102.000364121
7628,79.0323280198
7631,103.44625692
7632,102.706182265
7633,93.1940833224
7634,114.713048136
7635,92.7888297506
7636,110.531917391
7637,110.531917391
7639,92.4729438823
7640,79.0706664741
7644,110.240581968
7645,92.881104685
7648,102.420511454
7649,92.9982413103
7650,110.247969231
7652,110.387233741
7653,92.9216622067
7655,92.8627858633
7659,110.333102568
7662,93.7640197547
7664,92.7067864788
7666,93.6084881745
7668,92.7392349454
7669,110.935904269
7670,92.6917596411
7672,92.9054970858
7673,110.52520897
7678,92.4729438823
7679,78.9971176538
7680,103.432131832
7683,92.8708400495
7685,113.961772886
7688,92.6366396261
7690,109.520991182
7692,92.5981853811
7693,92.5915877194
7695,111.687537935
7696,92.6237726573
7698,92.8643351945
7699,110.577498659
7702,92.7664102758
7703,110.416252616
7704,92.9982413103
7707,109.952194702
7713,78.9971176538
7715,102.053846602
7717,110.487799957
7718,92.8652232777
7719,102.842299833
7721,114.494889512
7722,93.4739888821
7725,101.663363538
7727,102.014398046
7730,79.1645839741
7733,93.3551415847
7735,101.983724265
7740,110.445305008
7741,110.26595759
7742,92.4486506033
7744,110.345536359
7747,92.6628990719
7750,78.8401348291
7752,110.922353819
7754,110.997893915
7756,105.089812049
7757,92.6696609025
7758,104.211056874
7760,103.432131832
7761,92.8373964008
7763,109.906601479
7765,92.6678789367
7767,110.560969783
7768,92.3697811925
7771,92.8405514469
7773,92.1955678041
7774,113.00196674
7776,103.024699936
7779,92.3856097476
7783,92.3691188398
7786,104.227846426
7787,92.3932567582
7789,92.3856097476
7791,92.6651383479
7793,92.4103058955
7794,110.352662579
7795,92.1968923237
7799,78.8540748181
7800,112.465490751
7802,92.7061005264
7805,112.943174715
7807,101.865346559
7808,92.618832757
7811,102.735983381
7817,109.258320268
7818,102.706182265
7819,92.3984767164
7822,92.2733011227
7823,110.46740074
7825,110.178306541
7828,92.2797413015
7832,92.3263134376
7833,78.8398228383
7834,110.312163329
7835,92.6772335465
7837,92.5311382095
7840,93.1812226869
7842,92.6810419069
7843,109.784557713
7844,92.3530410611
7846,92.8373964008
7850,92.3289874904
7853,110.868489508
7855,110.819507864
7858,92.3856097476
7863,110.417252282
7865,110.323771352
7866,92.3533718374
7868,92.1273847308
7869,110.893580425
7871,78.8873052805
7872,102.145819102
7874,101.92789429
7877,111.082919928
7878,92.7274937816
7879,110.519453709
7881,92.3004015016
7883,92.3697811925
7885,102.52741863
7886,92.6678789367
7889,93.1044739661
7890,102.766075465
7891,92.6367888312
7893,92.4389418339
7894,102.179506015
7896,110.276168454
7898,102.013717555
7901,92.6628990719
7902,109.871673594
7904,110.826025554
7905,92.3899716548
7906,115.363508808
7909,92.3984767164
7910,101.970563005
7913,92.4190424593
7918,110.323771352
7919,92.4578624771
7923,92.2862128211
7925,92.8472290543
7927,92.2224316783
7930,92.9756943515
7932,93.211822049
7933,92.3170949252
7935,92.29360782
7939,102.863972647
7942,92.4040678837
7943,114.47111631
7945,102.804756644
7946,92.6736434095
7948,92.6273378186
7949,109.402489352
7950,92.3950215189
7951,110.531917391
7955,102.011570263
7959,93.0938723539
7960,110.416252616
7961,92.3437291378
7962,102.813731289
7964,102.696995296
7965,93.0610284684
7966,110.240581968
7967,102.946037777
7968,93.0346271581
7971,103.109671756
7974,92.4578624771
7976,112.800067595
7978,110.20546456
7982,110.416252616
7983,92.3984767164
7984,102.728356325
7986,92.4759535456
7989,109.402489352
7991,109.871673594
7992,110.038457809
7993,92.4941280172
7994,110.164911666
7995,92.3263134376
7997,92.4135848341
7998,102.728356325
7999,109.258320268
8002,92.2238684339
8007,92.5470841624
8009,92.6382768812
8011,92.5470841624
8013,92.4878563678
8015,102.67252635
8017,111.123035915
8019,113.961772886
8023,92.3331306448
8024,111.193134657
8026,110.780639872
8027,92.2461481555
8029,92.337492552
8030,111.211408029
8031,92.5470841624
8033,93.1377915507
8035,92.4425383259
8036,103.808315677
8039,103.886795465
8042,92.2484069248
8044,92.6542170568
8046,78.8432389656
8048,110.605210385
8049,92.3899716548
8050,102.408601106
8053,92.7153240235
8054,92.357506163
8059,92.3749381706
8061,92.7196244789
8062,110.484684931
8064,110.566897025
8066,102.456974481
8067,92.6624122836
8068,92.4914410185
8070,92.829441481
8071,110.916113878
8072,92.5345516712
8076,92.3161391643
8080,92.2003359895
8081,111.486741262
8084,103.556244892
8087,110.479278916
8089,92.1443130178
8090,114.34837543
8091,102.694271917
8094,112.599666971
8100,92.4555210705
8101,93.228506605
8110,92.7141045829
8111,109.871673594
8112,92.7061005264
8115,110.501481579
8116,92.7780452199
8118,110.566897025
8121,114.460496619
8125,110.344859063
8127,110.562102408
8128,92.7718489118
8129,109.871673594
8131,92.5210783039
8138,92.6030042019
8139,101.919765046
8140,92.3308718557
8141,92.1955678041
8142,111.255982119
8143,110.186960408
8145,110.780639872
8146,92.1939373293
8148,109.711475167
8153,111.006084027
8154,92.1851514289
8155,110.504420787
8161,92.4129665874
8162,111.298842113
8163,92.2686230543
8166,110.373506476
8168,110.664655134
8170,92.5680667189
8172,109.824619984
8173,92.5080829275
8176,102.431581455
8179,92.422390422
8181,92.9870389194
8182,113.944210369
8184,111.063157807
8190,103.454762143
8191,92.8961816842
8194,110.889851061
8196,111.080413345
8198,110.708483181
8199,111.415964182
8201,111.094670251
8202,92.421635556
8207,93.1160606228
8208,109.812261642
8211,110.582144019
8214,109.922428453
8217,92.457540714
8218,110.521427786
8222,92.4273144303
8229,104.546882763
8231,92.6365212183
8233,93.0650835462
8236,92.4524975952
8238,111.687537935
8240,101.643601166
8243,102.813466628
8246,109.983586881
8250,92.8525807119
8254,93.1837999887
8256,78.9221711289
8257,109.664863491
8258,92.3966240356
8260,92.4568595024
8261,110.091631987
8263,111.733026725
8264,92.6698920495
8267,110.415286482
8268,92.3433826751
8271,92.7019447826
8272,109.812261642
8275,92.9571560137
8276,92.8585704123
8277,103.864916664
8278,113.932720494
8279,92.3202723465
8280,109.719309622
8281,92.7262617227
8282,109.576347835
8287,111.159570446
8288,92.5080829275
8289,112.146522354
8294,92.3331783551
8296,92.2483840723
8299,109.96753963
8302,102.71756985
8308,110.583261731
8314,102.7621504
8315,93.0515276401
8316,109.904477338
8317,92.6365212183
8319,110.678553598
8320,92.317704493
8321,112.225375559
8323,92.4273144303
8325,92.4439204106
8326,110.556037344
8328,109.812261642
8330,112.540998401
8331,92.3911059767
8332,112.90919444
8334,92.7139583645
8338,92.560323915
8339,92.8680176872
8341,92.2287538796
8345,111.250839143
8346,92.9870389194
8347,102.773143698
8349,93.0874527707
8351,92.4226500335
8352,110.836837461
8353,109.812261642
8355,111.370708254
8358,109.198908316
8359,113.354144027
8360,92.6568477781
8361,109.805412915
8363,102.571497246
8364,92.5958686405
8365,93.0506263319
8366,102.687768733
8370,109.662767083
8372,92.4045589651
8376,92.7365487502
8377,110.699579176
8379,110.031519573
8380,92.4348972549
8381,111.000493174
8386,92.3042196519
8388,101.764325371
8389,92.4568595024
8391,110.561947761
8394,93.1837999887
8396,102.728845029
8398,101.940838544
8400,111.628999297
8401,92.3637112131
8404,92.2287538796
8407,93.2187665054
8408,110.941874145
8409,109.928223859
8410,102.746553669
8411,93.0744384823
8413,92.8545646797
8414,110.177610917
8416,92.3712914585
